entity_id,state,last_changed
sensor.available_current_l1,unavailable,2025-05-01T10:00:00.000Z
sensor.available_current_l1,14,2025-05-01T10:39:55.434Z
sensor.available_current_l1,13,2025-05-01T10:40:44.124Z
sensor.available_current_l1,14,2025-05-01T10:40:45.427Z
sensor.available_current_l1,13,2025-05-01T10:44:41.571Z
sensor.available_current_l1,10,2025-05-01T10:44:43.874Z
sensor.available_current_l1,5,2025-05-01T10:44:44.901Z
sensor.available_current_l1,6,2025-05-01T10:45:40.953Z
sensor.available_current_l1,8,2025-05-01T10:46:41.152Z
sensor.available_current_l1,7,2025-05-01T10:46:52.995Z
sensor.available_current_l1,8,2025-05-01T10:46:55.441Z
sensor.available_current_l1,13,2025-05-01T10:47:21.943Z
sensor.available_current_l1,14,2025-05-01T10:47:23.123Z
sensor.available_current_l1,13,2025-05-01T10:47:49.721Z
sensor.available_current_l1,14,2025-05-01T10:47:51.887Z
sensor.available_current_l1,13,2025-05-01T10:48:01.891Z
sensor.available_current_l1,14,2025-05-01T10:48:03.119Z
sensor.available_current_l1,13,2025-05-01T10:48:13.968Z
sensor.available_current_l1,14,2025-05-01T10:48:15.146Z
sensor.available_current_l1,13,2025-05-01T10:53:01.036Z
sensor.available_current_l1,14,2025-05-01T10:53:03.942Z
sensor.available_current_l1,13,2025-05-01T10:53:49.847Z
sensor.available_current_l1,14,2025-05-01T10:53:51.925Z
sensor.available_current_l1,13,2025-05-01T10:54:01.971Z
sensor.available_current_l1,14,2025-05-01T10:54:03.345Z
sensor.available_current_l1,13,2025-05-01T10:54:13.351Z
sensor.available_current_l1,14,2025-05-01T10:54:15.869Z
sensor.available_current_l1,13,2025-05-01T10:54:25.904Z
sensor.available_current_l1,14,2025-05-01T10:54:28.186Z
sensor.available_current_l1,11,2025-05-01T10:55:05.261Z
sensor.available_current_l1,7,2025-05-01T10:55:06.455Z
sensor.available_current_l1,8,2025-05-01T10:56:50.866Z
sensor.available_current_l1,15,2025-05-01T10:56:52.126Z
sensor.available_current_l1,16,2025-05-01T10:56:53.414Z
sensor.available_current_l1,17,2025-05-01T10:57:12.128Z
sensor.available_current_l1,16,2025-05-01T10:57:16.052Z
sensor.available_current_l1,11,2025-05-01T11:00:13.599Z
sensor.available_current_l1,10,2025-05-01T11:00:15.702Z
sensor.available_current_l1,9,2025-05-01T11:03:03.895Z
sensor.available_current_l1,8,2025-05-01T11:03:05.195Z
sensor.available_current_l1,7,2025-05-01T11:03:07.462Z
sensor.available_current_l1,6,2025-05-01T11:05:31.131Z
sensor.available_current_l1,1,2025-05-01T11:05:34.920Z
sensor.available_current_l1,3,2025-05-01T11:07:39.910Z
sensor.available_current_l1,-5,2025-05-01T11:07:41.136Z
sensor.available_current_l1,-3,2025-05-01T11:08:16.178Z
sensor.available_current_l1,0,2025-05-01T11:08:17.629Z
sensor.available_current_l1,1,2025-05-01T11:08:18.986Z
sensor.available_current_l1,0,2025-05-01T11:08:21.604Z
sensor.available_current_l1,6,2025-05-01T11:08:29.927Z
sensor.available_current_l1,5,2025-05-01T11:08:45.093Z
sensor.available_current_l1,6,2025-05-01T11:09:04.902Z
sensor.available_current_l1,5,2025-05-01T11:09:06.154Z
sensor.available_current_l1,6,2025-05-01T11:09:07.436Z
sensor.available_current_l1,5,2025-05-01T11:09:08.819Z
sensor.available_current_l1,6,2025-05-01T11:09:47.420Z
sensor.available_current_l1,4,2025-05-01T11:25:33.044Z
sensor.available_current_l1,0,2025-05-01T11:25:34.430Z
sensor.available_current_l1,4,2025-05-01T11:25:46.059Z
sensor.available_current_l1,0,2025-05-01T11:25:47.407Z
sensor.available_current_l1,6,2025-05-01T11:25:51.934Z
sensor.available_current_l1,0,2025-05-01T11:25:53.131Z
sensor.available_current_l1,3,2025-05-01T11:25:56.866Z
sensor.available_current_l1,6,2025-05-01T11:25:58.130Z
sensor.available_current_l1,3,2025-05-01T11:25:59.812Z
sensor.available_current_l1,0,2025-05-01T11:26:00.917Z
sensor.available_current_l1,3,2025-05-01T11:26:03.490Z
sensor.available_current_l1,6,2025-05-01T11:26:04.533Z
sensor.available_current_l1,3,2025-05-01T11:26:05.847Z
sensor.available_current_l1,0,2025-05-01T11:26:06.982Z
sensor.available_current_l1,4,2025-05-01T11:26:10.880Z
sensor.available_current_l1,6,2025-05-01T11:26:11.882Z
sensor.available_current_l1,0,2025-05-01T11:26:13.109Z
sensor.available_current_l1,4,2025-05-01T11:26:16.780Z
sensor.available_current_l1,6,2025-05-01T11:26:18.093Z
sensor.available_current_l1,0,2025-05-01T11:26:19.639Z
sensor.available_current_l1,5,2025-05-01T11:26:20.830Z
sensor.available_current_l1,6,2025-05-01T11:26:21.886Z
sensor.available_current_l1,2,2025-05-01T11:26:38.924Z
sensor.available_current_l1,6,2025-05-01T11:26:39.940Z
sensor.available_current_l1,1,2025-05-01T11:26:45.862Z
sensor.available_current_l1,6,2025-05-01T11:26:46.869Z
sensor.available_current_l1,5,2025-05-01T11:27:30.886Z
sensor.available_current_l1,6,2025-05-01T11:27:31.891Z
sensor.available_current_l1,3,2025-05-01T11:27:43.057Z
sensor.available_current_l1,0,2025-05-01T11:27:44.410Z
sensor.available_current_l1,1,2025-05-01T11:27:46.844Z
sensor.available_current_l1,6,2025-05-01T11:27:48.097Z
sensor.available_current_l1,4,2025-05-01T11:27:49.420Z
sensor.available_current_l1,0,2025-05-01T11:27:50.849Z
sensor.available_current_l1,1,2025-05-01T11:27:53.514Z
sensor.available_current_l1,6,2025-05-01T11:27:54.803Z
sensor.available_current_l1,4,2025-05-01T11:27:56.870Z
sensor.available_current_l1,0,2025-05-01T11:27:58.053Z
sensor.available_current_l1,3,2025-05-01T11:28:07.818Z
sensor.available_current_l1,6,2025-05-01T11:28:08.911Z
sensor.available_current_l1,0,2025-05-01T11:28:09.915Z
sensor.available_current_l1,5,2025-05-01T11:28:14.797Z
sensor.available_current_l1,3,2025-05-01T11:28:15.849Z
sensor.available_current_l1,0,2025-05-01T11:28:16.893Z
sensor.available_current_l1,3,2025-05-01T11:28:19.898Z
sensor.available_current_l1,2,2025-05-01T11:28:20.899Z
sensor.available_current_l1,6,2025-05-01T11:28:21.971Z
sensor.available_current_l1,3,2025-05-01T11:29:51.417Z
sensor.available_current_l1,6,2025-05-01T11:29:52.808Z
sensor.available_current_l1,3,2025-05-01T11:29:57.885Z
sensor.available_current_l1,6,2025-05-01T11:29:59.059Z
sensor.available_current_l1,4,2025-05-01T11:30:44.106Z
sensor.available_current_l1,6,2025-05-01T11:30:45.413Z
sensor.available_current_l1,5,2025-05-01T11:30:51.426Z
sensor.available_current_l1,6,2025-05-01T11:30:52.433Z
sensor.available_current_l1,2,2025-05-01T11:31:29.602Z
sensor.available_current_l1,6,2025-05-01T11:31:30.887Z
sensor.available_current_l1,2,2025-05-01T11:32:14.089Z
sensor.available_current_l1,6,2025-05-01T11:32:15.481Z
sensor.available_current_l1,4,2025-05-01T11:32:59.073Z
sensor.available_current_l1,6,2025-05-01T11:33:00.448Z
sensor.available_current_l1,3,2025-05-01T11:33:14.971Z
sensor.available_current_l1,5,2025-05-01T11:33:15.983Z
sensor.available_current_l1,6,2025-05-01T11:33:17.354Z
sensor.available_current_l1,5,2025-05-01T11:33:44.123Z
sensor.available_current_l1,6,2025-05-01T11:33:45.828Z
sensor.available_current_l1,2,2025-05-01T11:35:57.768Z
sensor.available_current_l1,6,2025-05-01T11:35:59.112Z
sensor.available_current_l1,5,2025-05-01T11:37:26.381Z
sensor.available_current_l1,6,2025-05-01T11:37:27.406Z
sensor.available_current_l1,3,2025-05-01T11:38:11.386Z
sensor.available_current_l1,6,2025-05-01T11:38:12.401Z
sensor.available_current_l1,2,2025-05-01T11:38:56.859Z
sensor.available_current_l1,6,2025-05-01T11:38:57.865Z
sensor.available_current_l1,3,2025-05-01T11:39:41.527Z
sensor.available_current_l1,6,2025-05-01T11:39:42.873Z
sensor.available_current_l1,5,2025-05-01T11:40:43.929Z
sensor.available_current_l1,6,2025-05-01T11:40:45.094Z
sensor.available_current_l1,4,2025-05-01T11:41:28.878Z
sensor.available_current_l1,6,2025-05-01T11:41:29.927Z
sensor.available_current_l1,2,2025-05-01T11:42:13.804Z
sensor.available_current_l1,6,2025-05-01T11:42:15.021Z
sensor.available_current_l1,2,2025-05-01T11:43:12.889Z
sensor.available_current_l1,6,2025-05-01T11:43:13.895Z
sensor.available_current_l1,4,2025-05-01T11:43:56.387Z
sensor.available_current_l1,6,2025-05-01T11:43:59.109Z
sensor.available_current_l1,2,2025-05-01T11:44:41.818Z
sensor.available_current_l1,5,2025-05-01T11:44:42.819Z
sensor.available_current_l1,6,2025-05-01T11:44:43.824Z
sensor.available_current_l1,5,2025-05-01T11:45:45.815Z
sensor.available_current_l1,6,2025-05-01T11:45:46.903Z
sensor.available_current_l1,4,2025-05-01T11:48:21.525Z
sensor.available_current_l1,6,2025-05-01T11:48:22.845Z
sensor.available_current_l1,3,2025-05-01T11:49:06.112Z
sensor.available_current_l1,6,2025-05-01T11:49:07.468Z
sensor.available_current_l1,3,2025-05-01T11:49:51.512Z
sensor.available_current_l1,6,2025-05-01T11:49:52.858Z
sensor.available_current_l1,5,2025-05-01T11:50:58.483Z
sensor.available_current_l1,3,2025-05-01T11:50:59.884Z
sensor.available_current_l1,6,2025-05-01T11:51:01.215Z
sensor.available_current_l1,3,2025-05-01T11:51:43.931Z
sensor.available_current_l1,5,2025-05-01T11:51:44.932Z
sensor.available_current_l1,6,2025-05-01T11:51:45.934Z
sensor.available_current_l1,2,2025-05-01T11:52:28.477Z
sensor.available_current_l1,6,2025-05-01T11:52:29.816Z
sensor.available_current_l1,4,2025-05-01T11:53:04.910Z
sensor.available_current_l1,6,2025-05-01T11:53:06.118Z
sensor.available_current_l1,2,2025-05-01T11:53:38.859Z
sensor.available_current_l1,5,2025-05-01T11:53:39.860Z
sensor.available_current_l1,6,2025-05-01T11:53:41.094Z
sensor.available_current_l1,3,2025-05-01T11:54:23.868Z
sensor.available_current_l1,6,2025-05-01T11:54:24.877Z
sensor.available_current_l1,5,2025-05-01T11:55:08.884Z
sensor.available_current_l1,6,2025-05-01T11:55:10.073Z
sensor.available_current_l1,4,2025-05-01T11:56:05.877Z
sensor.available_current_l1,3,2025-05-01T11:56:06.878Z
sensor.available_current_l1,6,2025-05-01T11:56:08.129Z
sensor.available_current_l1,2,2025-05-01T11:56:50.838Z
sensor.available_current_l1,6,2025-05-01T11:56:52.114Z
sensor.available_current_l1,2,2025-05-01T11:57:55.924Z
sensor.available_current_l1,6,2025-05-01T11:57:56.941Z
sensor.available_current_l1,4,2025-05-01T11:58:40.153Z
sensor.available_current_l1,6,2025-05-01T11:58:41.521Z
sensor.available_current_l1,5,2025-05-01T11:59:45.859Z
sensor.available_current_l1,6,2025-05-01T11:59:48.144Z
sensor.available_current_l1,9,2025-05-01T12:00:04.517Z
sensor.available_current_l1,10,2025-05-01T12:00:05.658Z
sensor.available_current_l1,12,2025-05-01T12:00:06.996Z
sensor.available_current_l1,11,2025-05-01T12:00:14.531Z
sensor.available_current_l1,12,2025-05-01T12:00:15.937Z
sensor.available_current_l1,10,2025-05-01T12:00:30.960Z
sensor.available_current_l1,12,2025-05-01T12:00:32.212Z
sensor.available_current_l1,13,2025-05-01T12:01:05.972Z
sensor.available_current_l1,12,2025-05-01T12:01:14.406Z
sensor.available_current_l1,9,2025-05-01T12:01:15.699Z
sensor.available_current_l1,13,2025-05-01T12:01:16.826Z
sensor.available_current_l1,12,2025-05-01T12:02:13.112Z
sensor.available_current_l1,11,2025-05-01T12:02:24.111Z
sensor.available_current_l1,9,2025-05-01T12:02:25.482Z
sensor.available_current_l1,12,2025-05-01T12:02:27.012Z
sensor.available_current_l1,13,2025-05-01T12:02:41.974Z
sensor.available_current_l1,12,2025-05-01T12:02:44.107Z
sensor.available_current_l1,9,2025-05-01T12:03:09.924Z
sensor.available_current_l1,11,2025-05-01T12:03:10.923Z
sensor.available_current_l1,12,2025-05-01T12:03:12.120Z
sensor.available_current_l1,10,2025-05-01T12:04:14.087Z
sensor.available_current_l1,12,2025-05-01T12:04:15.435Z
sensor.available_current_l1,9,2025-05-01T12:06:54.064Z
sensor.available_current_l1,12,2025-05-01T12:06:55.399Z
sensor.available_current_l1,9,2025-05-01T12:07:38.146Z
sensor.available_current_l1,11,2025-05-01T12:07:39.454Z
sensor.available_current_l1,12,2025-05-01T12:07:40.868Z
sensor.available_current_l1,21,2025-05-01T12:07:46.936Z
sensor.available_current_l1,19,2025-05-01T12:08:44.258Z
sensor.available_current_l1,21,2025-05-01T12:08:45.390Z
sensor.available_current_l1,17,2025-05-01T12:09:28.137Z
sensor.available_current_l1,21,2025-05-01T12:09:29.491Z
sensor.available_current_l1,19,2025-05-01T12:11:20.832Z
sensor.available_current_l1,21,2025-05-01T12:11:21.907Z
sensor.available_current_l1,20,2025-05-01T12:13:10.560Z
sensor.available_current_l1,21,2025-05-01T12:13:11.858Z
sensor.available_current_l1,22,2025-05-01T12:13:14.410Z
sensor.available_current_l1,21,2025-05-01T12:13:20.113Z
sensor.available_current_l1,22,2025-05-01T12:13:21.428Z
sensor.available_current_l1,21,2025-05-01T12:13:28.149Z
sensor.available_current_l1,22,2025-05-01T12:13:42.996Z
sensor.available_current_l1,21,2025-05-01T12:13:43.998Z
sensor.available_current_l1,22,2025-05-01T12:13:46.876Z
sensor.available_current_l1,21,2025-05-01T12:13:47.878Z
sensor.available_current_l1,18,2025-05-01T12:14:12.462Z
sensor.available_current_l1,20,2025-05-01T12:14:13.863Z
sensor.available_current_l1,21,2025-05-01T12:14:14.901Z
sensor.available_current_l1,17,2025-05-01T12:14:57.455Z
sensor.available_current_l1,21,2025-05-01T12:14:58.835Z
sensor.available_current_l1,19,2025-05-01T12:15:16.882Z
sensor.available_current_l1,21,2025-05-01T12:15:17.883Z
sensor.available_current_l1,19,2025-05-01T12:16:06.098Z
sensor.available_current_l1,21,2025-05-01T12:16:07.403Z
sensor.available_current_l1,20,2025-05-01T12:17:51.299Z
sensor.available_current_l1,21,2025-05-01T12:17:52.435Z
sensor.available_current_l1,20,2025-05-01T12:18:35.926Z
sensor.available_current_l1,21,2025-05-01T12:18:36.928Z
sensor.available_current_l1,20,2025-05-01T12:19:48.422Z
sensor.available_current_l1,21,2025-05-01T12:19:49.576Z
sensor.available_current_l1,20,2025-05-01T12:20:20.785Z
sensor.available_current_l1,19,2025-05-01T12:20:23.412Z
sensor.available_current_l1,18,2025-05-01T12:20:24.427Z
sensor.available_current_l1,17,2025-05-01T12:20:25.863Z
sensor.available_current_l1,16,2025-05-01T12:20:27.092Z
sensor.available_current_l1,15,2025-05-01T12:21:17.416Z
sensor.available_current_l1,16,2025-05-01T12:21:18.433Z
sensor.available_current_l1,unavailable,2025-05-01T12:21:32.939Z
sensor.available_current_l1,16,2025-05-01T12:21:34.834Z
sensor.available_current_l1,14,2025-05-01T12:23:12.210Z
sensor.available_current_l1,16,2025-05-01T12:23:14.943Z
sensor.available_current_l1,17,2025-05-01T12:23:22.187Z
sensor.available_current_l1,16,2025-05-01T12:23:23.533Z
sensor.available_current_l1,13,2025-05-01T12:24:17.567Z
sensor.available_current_l1,16,2025-05-01T12:24:18.951Z
sensor.available_current_l1,17,2025-05-01T12:24:50.929Z
sensor.available_current_l1,16,2025-05-01T12:25:17.509Z
sensor.available_current_l1,17,2025-05-01T12:25:21.077Z
sensor.available_current_l1,16,2025-05-01T12:25:47.157Z
sensor.available_current_l1,17,2025-05-01T12:25:48.437Z
sensor.available_current_l1,16,2025-05-01T12:26:07.917Z
sensor.available_current_l1,17,2025-05-01T12:26:28.408Z
sensor.available_current_l1,16,2025-05-01T12:26:33.041Z
sensor.available_current_l1,17,2025-05-01T12:26:34.414Z
sensor.available_current_l1,16,2025-05-01T12:26:44.802Z
sensor.available_current_l1,17,2025-05-01T12:26:47.122Z
sensor.available_current_l1,16,2025-05-01T12:27:02.474Z
sensor.available_current_l1,13,2025-05-01T12:27:03.818Z
sensor.available_current_l1,17,2025-05-01T12:27:04.879Z
sensor.available_current_l1,14,2025-05-01T12:27:47.084Z
sensor.available_current_l1,15,2025-05-01T12:27:48.805Z
sensor.available_current_l1,17,2025-05-01T12:27:49.870Z
sensor.available_current_l1,14,2025-05-01T12:28:53.201Z
sensor.available_current_l1,17,2025-05-01T12:28:54.608Z
sensor.available_current_l1,16,2025-05-01T12:29:11.920Z
sensor.available_current_l1,13,2025-05-01T12:29:37.793Z
sensor.available_current_l1,16,2025-05-01T12:29:38.795Z
sensor.available_current_l1,13,2025-05-01T12:30:22.612Z
sensor.available_current_l1,16,2025-05-01T12:30:23.847Z
sensor.available_current_l1,15,2025-05-01T12:30:58.427Z
sensor.available_current_l1,16,2025-05-01T12:30:59.444Z
sensor.available_current_l1,12,2025-05-01T12:31:39.851Z
sensor.available_current_l1,15,2025-05-01T12:31:41.013Z
sensor.available_current_l1,16,2025-05-01T12:31:42.615Z
sensor.available_current_l1,12,2025-05-01T12:32:24.919Z
sensor.available_current_l1,16,2025-05-01T12:32:25.921Z
sensor.available_current_l1,13,2025-05-01T12:33:08.628Z
sensor.available_current_l1,14,2025-05-01T12:33:09.986Z
sensor.available_current_l1,16,2025-05-01T12:33:11.395Z
sensor.available_current_l1,14,2025-05-01T12:34:17.108Z
sensor.available_current_l1,16,2025-05-01T12:34:18.717Z
sensor.available_current_l1,12,2025-05-01T12:35:02.632Z
sensor.available_current_l1,16,2025-05-01T12:35:03.830Z
sensor.available_current_l1,12,2025-05-01T12:36:07.152Z
sensor.available_current_l1,16,2025-05-01T12:36:08.390Z
sensor.available_current_l1,14,2025-05-01T12:36:52.167Z
sensor.available_current_l1,16,2025-05-01T12:36:53.438Z
sensor.available_current_l1,15,2025-05-01T12:37:06.893Z
sensor.available_current_l1,16,2025-05-01T12:37:08.134Z
sensor.available_current_l1,15,2025-05-01T12:37:22.966Z
sensor.available_current_l1,16,2025-05-01T12:37:23.968Z
sensor.available_current_l1,13,2025-05-01T12:37:53.621Z
sensor.available_current_l1,16,2025-05-01T12:37:54.945Z
sensor.available_current_l1,12,2025-05-01T12:38:37.374Z
sensor.available_current_l1,15,2025-05-01T12:38:38.441Z
sensor.available_current_l1,16,2025-05-01T12:38:39.728Z
sensor.available_current_l1,14,2025-05-01T12:39:43.424Z
sensor.available_current_l1,12,2025-05-01T12:39:44.565Z
sensor.available_current_l1,16,2025-05-01T12:39:45.899Z
sensor.available_current_l1,12,2025-05-01T12:40:28.458Z
sensor.available_current_l1,14,2025-05-01T12:40:29.884Z
sensor.available_current_l1,16,2025-05-01T12:40:30.886Z
sensor.available_current_l1,12,2025-05-01T12:41:13.674Z
sensor.available_current_l1,16,2025-05-01T12:41:14.847Z
sensor.available_current_l1,12,2025-05-01T12:42:28.441Z
sensor.available_current_l1,15,2025-05-01T12:42:29.870Z
sensor.available_current_l1,16,2025-05-01T12:42:30.877Z
sensor.available_current_l1,13,2025-05-01T12:43:13.908Z
sensor.available_current_l1,15,2025-05-01T12:43:15.155Z
sensor.available_current_l1,16,2025-05-01T12:43:18.092Z
sensor.available_current_l1,15,2025-05-01T12:43:58.441Z
sensor.available_current_l1,16,2025-05-01T12:43:59.820Z
sensor.available_current_l1,15,2025-05-01T12:44:42.497Z
sensor.available_current_l1,16,2025-05-01T12:44:47.416Z
sensor.available_current_l1,15,2025-05-01T12:45:00.565Z
sensor.available_current_l1,16,2025-05-01T12:45:03.287Z
sensor.available_current_l1,12,2025-05-01T12:45:04.695Z
sensor.available_current_l1,15,2025-05-01T12:45:05.978Z
sensor.available_current_l1,16,2025-05-01T12:45:07.200Z
sensor.available_current_l1,13,2025-05-01T12:45:49.587Z
sensor.available_current_l1,16,2025-05-01T12:45:50.872Z
sensor.available_current_l1,15,2025-05-01T12:46:55.443Z
sensor.available_current_l1,16,2025-05-01T12:46:56.631Z
sensor.available_current_l1,15,2025-05-01T12:47:22.438Z
sensor.available_current_l1,12,2025-05-01T12:47:39.990Z
sensor.available_current_l1,15,2025-05-01T12:47:41.241Z
sensor.available_current_l1,16,2025-05-01T12:47:42.533Z
sensor.available_current_l1,15,2025-05-01T12:48:24.856Z
sensor.available_current_l1,16,2025-05-01T12:48:25.868Z
sensor.available_current_l1,15,2025-05-01T12:48:49.866Z
sensor.available_current_l1,14,2025-05-01T12:48:52.162Z
sensor.available_current_l1,15,2025-05-01T12:49:01.158Z
sensor.available_current_l1,14,2025-05-01T12:49:05.922Z
sensor.available_current_l1,13,2025-05-01T12:49:09.849Z
sensor.available_current_l1,12,2025-05-01T12:49:21.857Z
sensor.available_current_l1,11,2025-05-01T12:49:31.070Z
sensor.available_current_l1,12,2025-05-01T12:49:36.895Z
sensor.available_current_l1,8,2025-05-01T12:49:37.896Z
sensor.available_current_l1,12,2025-05-01T12:49:38.897Z
sensor.available_current_l1,13,2025-05-01T12:49:44.902Z
sensor.available_current_l1,14,2025-05-01T12:49:47.070Z
sensor.available_current_l1,15,2025-05-01T12:49:53.567Z
sensor.available_current_l1,14,2025-05-01T12:50:07.470Z
sensor.available_current_l1,15,2025-05-01T12:50:16.248Z
sensor.available_current_l1,16,2025-05-01T12:50:20.609Z
sensor.available_current_l1,15,2025-05-01T12:52:20.888Z
sensor.available_current_l1,16,2025-05-01T12:52:21.890Z
sensor.available_current_l1,15,2025-05-01T12:53:05.859Z
sensor.available_current_l1,16,2025-05-01T12:53:06.929Z
sensor.available_current_l1,15,2025-05-01T12:53:49.866Z
sensor.available_current_l1,16,2025-05-01T12:53:50.884Z
sensor.available_current_l1,14,2025-05-01T12:54:59.693Z
sensor.available_current_l1,16,2025-05-01T12:55:00.709Z
sensor.available_current_l1,12,2025-05-01T12:55:44.453Z
sensor.available_current_l1,16,2025-05-01T12:55:45.831Z
sensor.available_current_l1,15,2025-05-01T12:56:28.937Z
sensor.available_current_l1,13,2025-05-01T12:56:29.939Z
sensor.available_current_l1,16,2025-05-01T12:56:31.208Z
sensor.available_current_l1,13,2025-05-01T12:57:40.935Z
sensor.available_current_l1,16,2025-05-01T12:57:42.118Z
sensor.available_current_l1,12,2025-05-01T12:58:25.939Z
sensor.available_current_l1,16,2025-05-01T12:58:26.946Z
sensor.available_current_l1,15,2025-05-01T12:58:53.655Z
sensor.available_current_l1,16,2025-05-01T12:58:54.976Z
sensor.available_current_l1,12,2025-05-01T13:00:24.827Z
sensor.available_current_l1,16,2025-05-01T13:00:26.130Z
sensor.available_current_l1,12,2025-05-01T13:01:08.620Z
sensor.available_current_l1,15,2025-05-01T13:01:09.920Z
sensor.available_current_l1,16,2025-05-01T13:01:10.921Z
sensor.available_current_l1,15,2025-05-01T13:01:42.099Z
sensor.available_current_l1,16,2025-05-01T13:01:44.888Z
sensor.available_current_l1,12,2025-05-01T13:01:53.364Z
sensor.available_current_l1,16,2025-05-01T13:01:54.523Z
sensor.available_current_l1,12,2025-05-01T13:03:03.666Z
sensor.available_current_l1,15,2025-05-01T13:03:04.992Z
sensor.available_current_l1,16,2025-05-01T13:03:05.993Z
sensor.available_current_l1,13,2025-05-01T13:03:49.150Z
sensor.available_current_l1,16,2025-05-01T13:03:50.583Z
sensor.available_current_l1,14,2025-05-01T13:04:53.541Z
sensor.available_current_l1,16,2025-05-01T13:04:54.625Z
sensor.available_current_l1,15,2025-05-01T13:05:03.588Z
sensor.available_current_l1,16,2025-05-01T13:05:30.395Z
sensor.available_current_l1,12,2025-05-01T13:05:39.047Z
sensor.available_current_l1,16,2025-05-01T13:05:40.839Z
sensor.available_current_l1,15,2025-05-01T13:05:47.951Z
sensor.available_current_l1,16,2025-05-01T13:05:50.782Z
sensor.available_current_l1,15,2025-05-01T13:05:59.119Z
sensor.available_current_l1,16,2025-05-01T13:06:13.899Z
sensor.available_current_l1,15,2025-05-01T13:06:18.905Z
sensor.available_current_l1,16,2025-05-01T13:06:19.907Z
sensor.available_current_l1,14,2025-05-01T13:06:22.910Z
sensor.available_current_l1,12,2025-05-01T13:06:23.912Z
sensor.available_current_l1,16,2025-05-01T13:06:24.913Z
sensor.available_current_l1,15,2025-05-01T13:07:32.910Z
sensor.available_current_l1,12,2025-05-01T13:07:33.916Z
sensor.available_current_l1,16,2025-05-01T13:07:34.986Z
sensor.available_current_l1,15,2025-05-01T13:07:50.501Z
sensor.available_current_l1,16,2025-05-01T13:07:52.533Z
sensor.available_current_l1,14,2025-05-01T13:08:17.913Z
sensor.available_current_l1,13,2025-05-01T13:08:18.914Z
sensor.available_current_l1,16,2025-05-01T13:08:20.136Z
sensor.available_current_l1,15,2025-05-01T13:08:45.821Z
sensor.available_current_l1,10,2025-05-01T13:08:46.822Z
sensor.available_current_l1,15,2025-05-01T13:08:47.823Z
sensor.available_current_l1,16,2025-05-01T13:08:52.495Z
sensor.available_current_l1,15,2025-05-01T13:08:58.514Z
sensor.available_current_l1,10,2025-05-01T13:08:59.515Z
sensor.available_current_l1,9,2025-05-01T13:09:00.591Z
sensor.available_current_l1,10,2025-05-01T13:09:03.600Z
sensor.available_current_l1,9,2025-05-01T13:09:05.602Z
sensor.available_current_l1,16,2025-05-01T13:09:09.814Z
sensor.available_current_l1,14,2025-05-01T13:09:15.921Z
sensor.available_current_l1,9,2025-05-01T13:09:16.923Z
sensor.available_current_l1,11,2025-05-01T13:09:28.008Z
sensor.available_current_l1,9,2025-05-01T13:09:29.018Z
sensor.available_current_l1,10,2025-05-01T13:09:31.477Z
sensor.available_current_l1,14,2025-05-01T13:09:32.607Z
sensor.available_current_l1,16,2025-05-01T13:09:33.794Z
sensor.available_current_l1,14,2025-05-01T13:11:08.576Z
sensor.available_current_l1,16,2025-05-01T13:11:09.736Z
sensor.available_current_l1,15,2025-05-01T13:11:52.757Z
sensor.available_current_l1,16,2025-05-01T13:11:55.003Z
sensor.available_current_l1,13,2025-05-01T13:12:37.894Z
sensor.available_current_l1,16,2025-05-01T13:12:38.895Z
sensor.available_current_l1,15,2025-05-01T13:13:22.833Z
sensor.available_current_l1,16,2025-05-01T13:13:23.840Z
sensor.available_current_l1,15,2025-05-01T13:14:01.519Z
sensor.available_current_l1,16,2025-05-01T13:14:02.808Z
sensor.available_current_l1,14,2025-05-01T13:14:06.874Z
sensor.available_current_l1,16,2025-05-01T13:14:08.149Z
sensor.available_current_l1,15,2025-05-01T13:14:43.112Z
sensor.available_current_l1,14,2025-05-01T13:14:45.575Z
sensor.available_current_l1,15,2025-05-01T13:14:52.890Z
sensor.available_current_l1,14,2025-05-01T13:14:57.931Z
sensor.available_current_l1,13,2025-05-01T13:15:02.873Z
sensor.available_current_l1,14,2025-05-01T13:15:07.447Z
sensor.available_current_l1,13,2025-05-01T13:15:16.988Z
sensor.available_current_l1,14,2025-05-01T13:15:23.125Z
sensor.available_current_l1,15,2025-05-01T13:15:27.118Z
sensor.available_current_l1,16,2025-05-01T13:15:41.853Z
sensor.available_current_l1,15,2025-05-01T13:15:43.993Z
sensor.available_current_l1,16,2025-05-01T13:15:49.006Z
sensor.available_current_l1,15,2025-05-01T13:15:58.953Z
sensor.available_current_l1,16,2025-05-01T13:16:00.044Z
sensor.available_current_l1,15,2025-05-01T13:16:41.439Z
sensor.available_current_l1,14,2025-05-01T13:16:42.440Z
sensor.available_current_l1,12,2025-05-01T13:16:43.840Z
sensor.available_current_l1,14,2025-05-01T13:16:45.266Z
sensor.available_current_l1,13,2025-05-01T13:16:46.484Z
sensor.available_current_l1,12,2025-05-01T13:16:50.237Z
sensor.available_current_l1,11,2025-05-01T13:16:55.265Z
sensor.available_current_l1,12,2025-05-01T13:16:56.435Z
sensor.available_current_l1,11,2025-05-01T13:17:10.571Z
sensor.available_current_l1,12,2025-05-01T13:17:12.881Z
sensor.available_current_l1,11,2025-05-01T13:17:20.104Z
sensor.available_current_l1,12,2025-05-01T13:17:51.889Z
sensor.available_current_l1,13,2025-05-01T13:18:00.119Z
sensor.available_current_l1,14,2025-05-01T13:18:05.143Z
sensor.available_current_l1,13,2025-05-01T13:18:11.410Z
sensor.available_current_l1,14,2025-05-01T13:18:15.352Z
sensor.available_current_l1,13,2025-05-01T13:18:23.116Z
sensor.available_current_l1,12,2025-05-01T13:18:28.619Z
sensor.available_current_l1,11,2025-05-01T13:18:34.984Z
sensor.available_current_l1,12,2025-05-01T13:18:35.986Z
sensor.available_current_l1,11,2025-05-01T13:18:54.163Z
sensor.available_current_l1,12,2025-05-01T13:19:09.100Z
sensor.available_current_l1,11,2025-05-01T13:19:15.234Z
sensor.available_current_l1,8,2025-05-01T13:19:39.115Z
sensor.available_current_l1,10,2025-05-01T13:19:40.562Z
sensor.available_current_l1,12,2025-05-01T13:19:41.839Z
sensor.available_current_l1,13,2025-05-01T13:19:56.846Z
sensor.available_current_l1,14,2025-05-01T13:19:59.119Z
sensor.available_current_l1,13,2025-05-01T13:20:04.186Z
sensor.available_current_l1,12,2025-05-01T13:20:09.175Z
sensor.available_current_l1,13,2025-05-01T13:20:10.495Z
sensor.available_current_l1,14,2025-05-01T13:20:15.589Z
sensor.available_current_l1,15,2025-05-01T13:20:21.851Z
sensor.available_current_l1,16,2025-05-01T13:20:30.103Z
sensor.available_current_l1,15,2025-05-01T13:20:58.099Z
sensor.available_current_l1,16,2025-05-01T13:20:59.440Z
sensor.available_current_l1,14,2025-05-01T13:21:09.481Z
sensor.available_current_l1,16,2025-05-01T13:21:10.592Z
sensor.available_current_l1,12,2025-05-01T13:22:21.875Z
sensor.available_current_l1,15,2025-05-01T13:22:22.943Z
sensor.available_current_l1,16,2025-05-01T13:22:24.142Z
sensor.available_current_l1,13,2025-05-01T13:23:06.859Z
sensor.available_current_l1,16,2025-05-01T13:23:07.890Z
sensor.available_current_l1,12,2025-05-01T13:24:09.124Z
sensor.available_current_l1,16,2025-05-01T13:24:10.457Z
sensor.available_current_l1,15,2025-05-01T13:24:42.883Z
sensor.available_current_l1,16,2025-05-01T13:24:44.179Z
sensor.available_current_l1,15,2025-05-01T13:24:53.931Z
sensor.available_current_l1,16,2025-05-01T13:24:55.311Z
sensor.available_current_l1,15,2025-05-01T13:25:13.028Z
sensor.available_current_l1,14,2025-05-01T13:25:41.890Z
sensor.available_current_l1,15,2025-05-01T13:25:48.868Z
sensor.available_current_l1,12,2025-05-01T13:26:02.905Z
sensor.available_current_l1,15,2025-05-01T13:26:03.912Z
sensor.available_current_l1,16,2025-05-01T13:26:41.869Z
sensor.available_current_l1,13,2025-05-01T13:26:47.101Z
sensor.available_current_l1,15,2025-05-01T13:26:48.457Z
sensor.available_current_l1,13,2025-05-01T13:27:49.564Z
sensor.available_current_l1,12,2025-05-01T13:27:50.866Z
sensor.available_current_l1,15,2025-05-01T13:27:52.118Z
sensor.available_current_l1,14,2025-05-01T13:28:12.122Z
sensor.available_current_l1,13,2025-05-01T13:28:22.383Z
sensor.available_current_l1,14,2025-05-01T13:28:23.439Z
sensor.available_current_l1,15,2025-05-01T13:28:28.438Z
sensor.available_current_l1,12,2025-05-01T13:28:34.651Z
sensor.available_current_l1,15,2025-05-01T13:28:36.122Z
sensor.available_current_l1,16,2025-05-01T13:28:55.128Z
sensor.available_current_l1,15,2025-05-01T13:29:20.913Z
sensor.available_current_l1,16,2025-05-01T13:29:33.557Z
sensor.available_current_l1,15,2025-05-01T13:29:41.068Z
sensor.available_current_l1,16,2025-05-01T13:29:42.437Z
sensor.available_current_l1,14,2025-05-01T13:30:25.826Z
sensor.available_current_l1,16,2025-05-01T13:30:27.251Z
sensor.available_current_l1,15,2025-05-01T13:30:30.860Z
sensor.available_current_l1,14,2025-05-01T13:30:33.406Z
sensor.available_current_l1,13,2025-05-01T13:30:34.631Z
sensor.available_current_l1,14,2025-05-01T13:30:38.402Z
sensor.available_current_l1,15,2025-05-01T13:30:43.509Z
sensor.available_current_l1,14,2025-05-01T13:30:53.447Z
sensor.available_current_l1,13,2025-05-01T13:30:55.929Z
sensor.available_current_l1,14,2025-05-01T13:31:02.431Z
sensor.available_current_l1,11,2025-05-01T13:31:27.162Z
sensor.available_current_l1,9,2025-05-01T13:31:28.450Z
sensor.available_current_l1,11,2025-05-01T13:31:30.858Z
sensor.available_current_l1,12,2025-05-01T13:31:40.842Z
sensor.available_current_l1,13,2025-05-01T13:31:50.112Z
sensor.available_current_l1,14,2025-05-01T13:31:52.612Z
sensor.available_current_l1,15,2025-05-01T13:31:53.693Z
sensor.available_current_l1,14,2025-05-01T13:31:57.473Z
sensor.available_current_l1,13,2025-05-01T13:32:00.147Z
sensor.available_current_l1,14,2025-05-01T13:32:10.430Z
sensor.available_current_l1,10,2025-05-01T13:32:13.950Z
sensor.available_current_l1,14,2025-05-01T13:32:14.951Z
sensor.available_current_l1,13,2025-05-01T13:32:19.875Z
sensor.available_current_l1,12,2025-05-01T13:32:22.563Z
sensor.available_current_l1,11,2025-05-01T13:32:25.057Z
sensor.available_current_l1,12,2025-05-01T13:33:01.086Z
sensor.available_current_l1,13,2025-05-01T13:33:13.131Z
sensor.available_current_l1,12,2025-05-01T13:33:14.446Z
sensor.available_current_l1,13,2025-05-01T13:33:15.789Z
sensor.available_current_l1,12,2025-05-01T13:33:19.992Z
sensor.available_current_l1,11,2025-05-01T13:33:23.657Z
sensor.available_current_l1,12,2025-05-01T13:33:30.996Z
sensor.available_current_l1,11,2025-05-01T13:33:37.133Z
sensor.available_current_l1,10,2025-05-01T13:33:58.451Z
sensor.available_current_l1,11,2025-05-01T13:33:59.569Z
sensor.available_current_l1,12,2025-05-01T13:34:46.007Z
sensor.available_current_l1,8,2025-05-01T13:35:57.442Z
sensor.available_current_l1,9,2025-05-01T13:35:58.567Z
sensor.available_current_l1,12,2025-05-01T13:35:59.835Z
sensor.available_current_l1,13,2025-05-01T13:36:48.177Z
sensor.available_current_l1,14,2025-05-01T13:36:51.894Z
sensor.available_current_l1,15,2025-05-01T13:36:55.863Z
sensor.available_current_l1,14,2025-05-01T13:37:07.822Z
sensor.available_current_l1,13,2025-05-01T13:37:09.914Z
sensor.available_current_l1,12,2025-05-01T13:37:11.086Z
sensor.available_current_l1,11,2025-05-01T13:37:49.888Z
sensor.available_current_l1,12,2025-05-01T13:39:26.831Z
sensor.available_current_l1,13,2025-05-01T13:39:36.949Z
sensor.available_current_l1,12,2025-05-01T13:39:40.858Z
sensor.available_current_l1,13,2025-05-01T13:39:56.894Z
sensor.available_current_l1,14,2025-05-01T13:40:01.937Z
sensor.available_current_l1,15,2025-05-01T13:40:10.019Z
sensor.available_current_l1,16,2025-05-01T13:40:34.426Z
sensor.available_current_l1,15,2025-05-01T13:42:12.152Z
sensor.available_current_l1,16,2025-05-01T13:42:13.436Z
sensor.available_current_l1,15,2025-05-01T13:42:14.489Z
sensor.available_current_l1,12,2025-05-01T13:43:03.461Z
sensor.available_current_l1,15,2025-05-01T13:43:04.593Z
sensor.available_current_l1,14,2025-05-01T13:49:21.471Z
sensor.available_current_l1,13,2025-05-01T13:49:26.587Z
sensor.available_current_l1,12,2025-05-01T13:49:29.870Z
sensor.available_current_l1,11,2025-05-01T13:49:31.194Z
sensor.available_current_l1,12,2025-05-01T13:50:01.959Z
sensor.available_current_l1,11,2025-05-01T13:50:10.448Z
sensor.available_current_l1,12,2025-05-01T13:51:11.834Z
sensor.available_current_l1,11,2025-05-01T13:51:23.101Z
sensor.available_current_l1,12,2025-05-01T13:51:30.582Z
sensor.available_current_l1,13,2025-05-01T13:51:36.870Z
sensor.available_current_l1,14,2025-05-01T13:51:38.076Z
sensor.available_current_l1,15,2025-05-01T13:51:40.562Z
sensor.available_current_l1,14,2025-05-01T13:53:23.287Z
sensor.available_current_l1,13,2025-05-01T13:53:30.948Z
sensor.available_current_l1,12,2025-05-01T13:53:32.184Z
sensor.available_current_l1,11,2025-05-01T13:53:37.231Z
sensor.available_current_l1,12,2025-05-01T13:53:39.832Z
sensor.available_current_l1,13,2025-05-01T13:54:01.081Z
sensor.available_current_l1,14,2025-05-01T13:54:07.106Z
sensor.available_current_l1,15,2025-05-01T13:54:12.153Z
sensor.available_current_l1,14,2025-05-01T14:05:04.386Z
sensor.available_current_l1,15,2025-05-01T14:05:05.520Z
sensor.available_current_l1,14,2025-05-01T14:06:23.790Z
sensor.available_current_l1,15,2025-05-01T14:06:25.252Z
sensor.available_current_l1,14,2025-05-01T14:06:53.962Z
sensor.available_current_l1,15,2025-05-01T14:07:34.120Z
sensor.available_current_l1,14,2025-05-01T14:07:54.168Z
sensor.available_current_l1,15,2025-05-01T14:07:59.075Z
sensor.available_current_l1,14,2025-05-01T14:08:00.602Z
sensor.available_current_l1,13,2025-05-01T14:08:03.880Z
sensor.available_current_l1,12,2025-05-01T14:08:06.517Z
sensor.available_current_l1,11,2025-05-01T14:08:08.913Z
sensor.available_current_l1,10,2025-05-01T14:09:21.893Z
sensor.available_current_l1,11,2025-05-01T14:09:23.146Z
sensor.available_current_l1,12,2025-05-01T14:09:44.161Z
sensor.available_current_l1,13,2025-05-01T14:09:47.873Z
sensor.available_current_l1,14,2025-05-01T14:09:50.048Z
sensor.available_current_l1,15,2025-05-01T14:10:09.878Z
sensor.available_current_l1,14,2025-05-01T14:10:11.354Z
sensor.available_current_l1,15,2025-05-01T14:10:14.392Z
sensor.available_current_l1,14,2025-05-01T14:10:27.402Z
sensor.available_current_l1,13,2025-05-01T14:10:49.745Z
sensor.available_current_l1,12,2025-05-01T14:10:52.647Z
sensor.available_current_l1,11,2025-05-01T14:10:53.968Z
sensor.available_current_l1,10,2025-05-01T14:11:47.533Z
sensor.available_current_l1,11,2025-05-01T14:13:01.556Z
sensor.available_current_l1,12,2025-05-01T14:13:27.965Z
sensor.available_current_l1,13,2025-05-01T14:13:30.116Z
sensor.available_current_l1,14,2025-05-01T14:13:32.838Z
sensor.available_current_l1,13,2025-05-01T14:13:39.873Z
sensor.available_current_l1,12,2025-05-01T14:13:41.309Z
sensor.available_current_l1,11,2025-05-01T14:13:42.478Z
sensor.available_current_l1,12,2025-05-01T14:13:58.942Z
sensor.available_current_l1,13,2025-05-01T14:14:00.113Z
sensor.available_current_l1,14,2025-05-01T14:14:03.913Z
sensor.available_current_l1,13,2025-05-01T14:14:16.398Z
sensor.available_current_l1,14,2025-05-01T14:14:23.948Z
sensor.available_current_l1,15,2025-05-01T14:14:36.136Z
sensor.available_current_l1,14,2025-05-01T14:15:30.454Z
sensor.available_current_l1,15,2025-05-01T14:15:33.850Z
sensor.available_current_l1,14,2025-05-01T14:21:39.956Z
sensor.available_current_l1,15,2025-05-01T14:21:41.113Z
sensor.available_current_l1,14,2025-05-01T14:23:07.114Z
sensor.available_current_l1,15,2025-05-01T14:23:17.042Z
sensor.available_current_l1,14,2025-05-01T14:23:32.117Z
sensor.available_current_l1,15,2025-05-01T14:23:35.976Z
sensor.available_current_l1,14,2025-05-01T14:23:55.446Z
sensor.available_current_l1,15,2025-05-01T14:23:59.448Z
sensor.available_current_l1,14,2025-05-01T14:24:13.026Z
sensor.available_current_l1,13,2025-05-01T14:24:17.145Z
sensor.available_current_l1,12,2025-05-01T14:24:29.849Z
sensor.available_current_l1,13,2025-05-01T14:24:33.883Z
sensor.available_current_l1,14,2025-05-01T14:24:38.407Z
sensor.available_current_l1,13,2025-05-01T14:24:45.982Z
sensor.available_current_l1,12,2025-05-01T14:24:47.088Z
sensor.available_current_l1,13,2025-05-01T14:24:59.833Z
sensor.available_current_l1,14,2025-05-01T14:25:03.869Z
sensor.available_current_l1,15,2025-05-01T14:25:05.874Z
sensor.available_current_l1,14,2025-05-01T14:25:18.920Z
sensor.available_current_l1,13,2025-05-01T14:25:22.086Z
sensor.available_current_l1,14,2025-05-01T14:25:25.141Z
sensor.available_current_l1,13,2025-05-01T14:25:28.827Z
sensor.available_current_l1,12,2025-05-01T14:25:30.067Z
sensor.available_current_l1,13,2025-05-01T14:25:34.082Z
sensor.available_current_l1,14,2025-05-01T14:25:37.855Z
sensor.available_current_l1,13,2025-05-01T14:25:43.871Z
sensor.available_current_l1,14,2025-05-01T14:25:46.439Z
sensor.available_current_l1,15,2025-05-01T14:26:02.480Z
sensor.available_current_l1,14,2025-05-01T14:26:08.924Z
sensor.available_current_l1,15,2025-05-01T14:26:21.027Z
sensor.available_current_l1,12,2025-05-01T14:27:05.978Z
sensor.available_current_l1,14,2025-05-01T14:27:07.538Z
sensor.available_current_l1,13,2025-05-01T14:27:22.105Z
sensor.available_current_l1,12,2025-05-01T14:27:30.870Z
sensor.available_current_l1,13,2025-05-01T14:27:42.165Z
sensor.available_current_l1,14,2025-05-01T14:27:47.254Z
sensor.available_current_l1,13,2025-05-01T14:27:49.885Z
sensor.available_current_l1,14,2025-05-01T14:27:50.891Z
sensor.available_current_l1,13,2025-05-01T14:28:26.057Z
sensor.available_current_l1,12,2025-05-01T14:28:41.003Z
sensor.available_current_l1,13,2025-05-01T14:28:47.522Z
sensor.available_current_l1,14,2025-05-01T14:28:58.570Z
sensor.available_current_l1,15,2025-05-01T14:29:28.895Z
sensor.available_current_l1,14,2025-05-01T14:32:24.672Z
sensor.available_current_l1,15,2025-05-01T14:32:27.506Z
sensor.available_current_l1,14,2025-05-01T14:32:31.042Z
sensor.available_current_l1,15,2025-05-01T14:32:39.955Z
sensor.available_current_l1,14,2025-05-01T14:33:08.462Z
sensor.available_current_l1,15,2025-05-01T14:33:10.530Z
sensor.available_current_l1,14,2025-05-01T14:33:20.123Z
sensor.available_current_l1,15,2025-05-01T14:33:23.847Z
sensor.available_current_l1,14,2025-05-01T14:33:25.135Z
sensor.available_current_l1,15,2025-05-01T14:33:30.858Z
sensor.available_current_l1,14,2025-05-01T14:33:33.461Z
sensor.available_current_l1,15,2025-05-01T14:33:34.683Z
sensor.available_current_l1,14,2025-05-01T14:33:38.396Z
sensor.available_current_l1,15,2025-05-01T14:33:52.653Z
sensor.available_current_l1,14,2025-05-01T14:33:56.170Z
sensor.available_current_l1,15,2025-05-01T14:34:01.123Z
sensor.available_current_l1,14,2025-05-01T14:34:09.430Z
sensor.available_current_l1,15,2025-05-01T14:34:10.811Z
sensor.available_current_l1,14,2025-05-01T14:34:15.889Z
sensor.available_current_l1,15,2025-05-01T14:34:17.172Z
sensor.available_current_l1,14,2025-05-01T14:34:21.866Z
sensor.available_current_l1,15,2025-05-01T14:34:23.242Z
sensor.available_current_l1,14,2025-05-01T14:37:18.127Z
sensor.available_current_l1,13,2025-05-01T14:37:23.050Z
sensor.available_current_l1,14,2025-05-01T14:37:28.051Z
sensor.available_current_l1,15,2025-05-01T14:37:35.576Z
sensor.available_current_l1,14,2025-05-01T14:37:41.855Z
sensor.available_current_l1,15,2025-05-01T14:37:46.877Z
sensor.available_current_l1,14,2025-05-01T14:37:50.845Z
sensor.available_current_l1,15,2025-05-01T14:38:00.122Z
sensor.available_current_l1,14,2025-05-01T14:38:40.652Z
sensor.available_current_l1,15,2025-05-01T14:39:16.854Z
sensor.available_current_l1,14,2025-05-01T14:39:18.245Z
sensor.available_current_l1,15,2025-05-01T14:39:42.137Z
sensor.available_current_l1,14,2025-05-01T14:40:07.102Z
sensor.available_current_l1,15,2025-05-01T14:40:09.437Z
sensor.available_current_l1,14,2025-05-01T14:40:10.449Z
sensor.available_current_l1,15,2025-05-01T14:40:11.779Z
sensor.available_current_l1,14,2025-05-01T14:40:56.864Z
sensor.available_current_l1,15,2025-05-01T14:41:29.067Z
sensor.available_current_l1,25.0,2025-05-01T14:41:30.441Z
sensor.available_current_l2,unavailable,2025-05-01T10:00:00.000Z
sensor.available_current_l2,14,2025-05-01T10:39:55.435Z
sensor.available_current_l2,15,2025-05-01T10:43:24.484Z
sensor.available_current_l2,14,2025-05-01T10:43:32.830Z
sensor.available_current_l2,15,2025-05-01T10:43:41.593Z
sensor.available_current_l2,14,2025-05-01T10:43:45.855Z
sensor.available_current_l2,15,2025-05-01T10:43:48.455Z
sensor.available_current_l2,14,2025-05-01T10:43:51.082Z
sensor.available_current_l2,15,2025-05-01T10:43:54.870Z
sensor.available_current_l2,14,2025-05-01T10:43:56.125Z
sensor.available_current_l2,15,2025-05-01T10:44:12.241Z
sensor.available_current_l2,14,2025-05-01T10:44:15.833Z
sensor.available_current_l2,15,2025-05-01T10:44:17.835Z
sensor.available_current_l2,14,2025-05-01T10:44:21.126Z
sensor.available_current_l2,15,2025-05-01T10:44:23.832Z
sensor.available_current_l2,14,2025-05-01T10:44:24.850Z
sensor.available_current_l2,15,2025-05-01T10:44:31.132Z
sensor.available_current_l2,14,2025-05-01T10:44:32.377Z
sensor.available_current_l2,15,2025-05-01T10:44:37.985Z
sensor.available_current_l2,14,2025-05-01T10:44:38.987Z
sensor.available_current_l2,15,2025-05-01T10:44:40.217Z
sensor.available_current_l2,14,2025-05-01T10:44:41.571Z
sensor.available_current_l2,15,2025-05-01T10:44:42.856Z
sensor.available_current_l2,14,2025-05-01T10:44:43.875Z
sensor.available_current_l2,15,2025-05-01T10:44:44.901Z
sensor.available_current_l2,14,2025-05-01T10:44:45.903Z
sensor.available_current_l2,15,2025-05-01T10:44:48.842Z
sensor.available_current_l2,14,2025-05-01T10:44:50.851Z
sensor.available_current_l2,15,2025-05-01T10:45:03.474Z
sensor.available_current_l2,14,2025-05-01T10:45:04.507Z
sensor.available_current_l2,15,2025-05-01T10:45:19.906Z
sensor.available_current_l2,14,2025-05-01T10:45:22.152Z
sensor.available_current_l2,15,2025-05-01T10:45:50.458Z
sensor.available_current_l2,14,2025-05-01T10:45:53.042Z
sensor.available_current_l2,15,2025-05-01T10:45:55.848Z
sensor.available_current_l2,14,2025-05-01T10:45:57.095Z
sensor.available_current_l2,15,2025-05-01T10:46:02.484Z
sensor.available_current_l2,14,2025-05-01T10:46:06.327Z
sensor.available_current_l2,15,2025-05-01T10:46:07.471Z
sensor.available_current_l2,14,2025-05-01T10:46:12.254Z
sensor.available_current_l2,15,2025-05-01T10:46:14.571Z
sensor.available_current_l2,14,2025-05-01T10:46:17.180Z
sensor.available_current_l2,15,2025-05-01T10:46:19.988Z
sensor.available_current_l2,14,2025-05-01T10:46:22.579Z
sensor.available_current_l2,16,2025-05-01T10:55:04.130Z
sensor.available_current_l2,8,2025-05-01T10:55:05.261Z
sensor.available_current_l2,17,2025-05-01T10:56:52.126Z
sensor.available_current_l2,16,2025-05-01T10:59:09.174Z
sensor.available_current_l2,17,2025-05-01T10:59:11.517Z
sensor.available_current_l2,10,2025-05-01T11:00:13.599Z
sensor.available_current_l2,8,2025-05-01T11:03:05.195Z
sensor.available_current_l2,10,2025-05-01T11:07:39.910Z
sensor.available_current_l2,1,2025-05-01T11:07:41.136Z
sensor.available_current_l2,4,2025-05-01T11:08:16.179Z
sensor.available_current_l2,7,2025-05-01T11:08:17.630Z
sensor.available_current_l2,8,2025-05-01T11:08:18.986Z
sensor.available_current_l2,7,2025-05-01T11:08:19.992Z
sensor.available_current_l2,6,2025-05-01T11:08:21.604Z
sensor.available_current_l2,10,2025-05-01T12:00:04.518Z
sensor.available_current_l2,11,2025-05-01T12:00:05.659Z
sensor.available_current_l2,13,2025-05-01T12:00:06.997Z
sensor.available_current_l2,12,2025-05-01T12:00:12.069Z
sensor.available_current_l2,13,2025-05-01T12:00:15.938Z
sensor.available_current_l2,12,2025-05-01T12:06:12.915Z
sensor.available_current_l2,13,2025-05-01T12:06:14.175Z
sensor.available_current_l2,12,2025-05-01T12:06:21.533Z
sensor.available_current_l2,13,2025-05-01T12:06:24.100Z
sensor.available_current_l2,12,2025-05-01T12:06:30.385Z
sensor.available_current_l2,13,2025-05-01T12:06:31.540Z
sensor.available_current_l2,12,2025-05-01T12:07:43.923Z
sensor.available_current_l2,14,2025-05-01T12:07:45.936Z
sensor.available_current_l2,21,2025-05-01T12:07:46.937Z
sensor.available_current_l2,22,2025-05-01T12:11:20.833Z
sensor.available_current_l2,21,2025-05-01T12:11:24.007Z
sensor.available_current_l2,22,2025-05-01T12:11:28.982Z
sensor.available_current_l2,21,2025-05-01T12:11:30.622Z
sensor.available_current_l2,22,2025-05-01T12:11:31.974Z
sensor.available_current_l2,21,2025-05-01T12:11:32.976Z
sensor.available_current_l2,22,2025-05-01T12:11:36.433Z
sensor.available_current_l2,21,2025-05-01T12:11:47.511Z
sensor.available_current_l2,22,2025-05-01T12:11:49.994Z
sensor.available_current_l2,21,2025-05-01T12:11:51.393Z
sensor.available_current_l2,22,2025-05-01T12:11:52.526Z
sensor.available_current_l2,21,2025-05-01T12:11:53.813Z
sensor.available_current_l2,22,2025-05-01T12:12:14.445Z
sensor.available_current_l2,21,2025-05-01T12:12:18.937Z
sensor.available_current_l2,22,2025-05-01T12:12:20.291Z
sensor.available_current_l2,21,2025-05-01T12:12:24.058Z
sensor.available_current_l2,22,2025-05-01T12:12:25.641Z
sensor.available_current_l2,21,2025-05-01T12:12:31.384Z
sensor.available_current_l2,22,2025-05-01T12:12:32.407Z
sensor.available_current_l2,21,2025-05-01T12:12:43.097Z
sensor.available_current_l2,22,2025-05-01T12:12:45.835Z
sensor.available_current_l2,21,2025-05-01T12:12:46.846Z
sensor.available_current_l2,22,2025-05-01T12:12:50.526Z
sensor.available_current_l2,21,2025-05-01T12:14:30.850Z
sensor.available_current_l2,22,2025-05-01T12:14:31.947Z
sensor.available_current_l2,21,2025-05-01T12:14:32.948Z
sensor.available_current_l2,22,2025-05-01T12:14:34.082Z
sensor.available_current_l2,21,2025-05-01T12:14:39.121Z
sensor.available_current_l2,22,2025-05-01T12:14:44.109Z
sensor.available_current_l2,21,2025-05-01T12:14:45.551Z
sensor.available_current_l2,22,2025-05-01T12:15:53.972Z
sensor.available_current_l2,21,2025-05-01T12:16:11.074Z
sensor.available_current_l2,22,2025-05-01T12:16:12.086Z
sensor.available_current_l2,21,2025-05-01T12:16:14.859Z
sensor.available_current_l2,22,2025-05-01T12:16:19.948Z
sensor.available_current_l2,21,2025-05-01T12:16:21.099Z
sensor.available_current_l2,22,2025-05-01T12:16:24.865Z
sensor.available_current_l2,21,2025-05-01T12:16:28.604Z
sensor.available_current_l2,22,2025-05-01T12:16:31.551Z
sensor.available_current_l2,21,2025-05-01T12:16:35.237Z
sensor.available_current_l2,22,2025-05-01T12:16:37.834Z
sensor.available_current_l2,21,2025-05-01T12:16:39.006Z
sensor.available_current_l2,22,2025-05-01T12:16:43.961Z
sensor.available_current_l2,21,2025-05-01T12:16:46.138Z
sensor.available_current_l2,22,2025-05-01T12:16:49.858Z
sensor.available_current_l2,21,2025-05-01T12:16:52.365Z
sensor.available_current_l2,22,2025-05-01T12:16:54.815Z
sensor.available_current_l2,21,2025-05-01T12:16:58.971Z
sensor.available_current_l2,22,2025-05-01T12:17:57.429Z
sensor.available_current_l2,21,2025-05-01T12:17:58.568Z
sensor.available_current_l2,22,2025-05-01T12:18:02.460Z
sensor.available_current_l2,21,2025-05-01T12:18:03.638Z
sensor.available_current_l2,22,2025-05-01T12:18:04.892Z
sensor.available_current_l2,21,2025-05-01T12:18:06.144Z
sensor.available_current_l2,22,2025-05-01T12:18:08.848Z
sensor.available_current_l2,21,2025-05-01T12:18:12.401Z
sensor.available_current_l2,22,2025-05-01T12:18:13.617Z
sensor.available_current_l2,21,2025-05-01T12:18:18.613Z
sensor.available_current_l2,22,2025-05-01T12:18:19.841Z
sensor.available_current_l2,21,2025-05-01T12:18:38.132Z
sensor.available_current_l2,22,2025-05-01T12:18:41.998Z
sensor.available_current_l2,21,2025-05-01T12:19:13.557Z
sensor.available_current_l2,22,2025-05-01T12:19:14.832Z
sensor.available_current_l2,21,2025-05-01T12:19:25.042Z
sensor.available_current_l2,22,2025-05-01T12:19:27.843Z
sensor.available_current_l2,21,2025-05-01T12:20:02.583Z
sensor.available_current_l2,22,2025-05-01T12:20:03.904Z
sensor.available_current_l2,21,2025-05-01T12:20:19.403Z
sensor.available_current_l2,20,2025-05-01T12:20:22.242Z
sensor.available_current_l2,18,2025-05-01T12:20:23.412Z
sensor.available_current_l2,17,2025-05-01T12:20:25.864Z
sensor.available_current_l2,16,2025-05-01T12:20:27.093Z
sensor.available_current_l2,unavailable,2025-05-01T12:21:32.939Z
sensor.available_current_l2,16,2025-05-01T12:21:34.836Z
sensor.available_current_l2,17,2025-05-01T12:21:41.136Z
sensor.available_current_l2,16,2025-05-01T12:21:42.433Z
sensor.available_current_l2,17,2025-05-01T12:27:53.863Z
sensor.available_current_l2,16,2025-05-01T12:27:57.110Z
sensor.available_current_l2,17,2025-05-01T12:28:00.885Z
sensor.available_current_l2,16,2025-05-01T12:28:10.008Z
sensor.available_current_l2,17,2025-05-01T12:28:11.563Z
sensor.available_current_l2,16,2025-05-01T12:28:22.539Z
sensor.available_current_l2,17,2025-05-01T12:28:23.805Z
sensor.available_current_l2,16,2025-05-01T12:28:34.894Z
sensor.available_current_l2,15,2025-05-01T12:47:23.467Z
sensor.available_current_l2,16,2025-05-01T12:47:33.396Z
sensor.available_current_l2,15,2025-05-01T12:48:50.956Z
sensor.available_current_l2,14,2025-05-01T12:48:52.162Z
sensor.available_current_l2,15,2025-05-01T12:48:55.896Z
sensor.available_current_l2,14,2025-05-01T12:49:08.113Z
sensor.available_current_l2,13,2025-05-01T12:49:15.525Z
sensor.available_current_l2,12,2025-05-01T12:49:23.134Z
sensor.available_current_l2,13,2025-05-01T12:49:42.568Z
sensor.available_current_l2,14,2025-05-01T12:49:45.903Z
sensor.available_current_l2,15,2025-05-01T12:49:52.091Z
sensor.available_current_l2,16,2025-05-01T12:49:56.160Z
sensor.available_current_l2,15,2025-05-01T12:50:02.410Z
sensor.available_current_l2,14,2025-05-01T12:50:08.662Z
sensor.available_current_l2,15,2025-05-01T12:50:13.909Z
sensor.available_current_l2,16,2025-05-01T12:50:19.248Z
sensor.available_current_l2,17,2025-05-01T12:52:57.822Z
sensor.available_current_l2,16,2025-05-01T12:52:59.116Z
sensor.available_current_l2,15,2025-05-01T13:05:06.937Z
sensor.available_current_l2,16,2025-05-01T13:05:15.452Z
sensor.available_current_l2,15,2025-05-01T13:11:39.003Z
sensor.available_current_l2,16,2025-05-01T13:11:39.998Z
sensor.available_current_l2,15,2025-05-01T13:14:00.149Z
sensor.available_current_l2,16,2025-05-01T13:14:02.812Z
sensor.available_current_l2,15,2025-05-01T13:14:19.903Z
sensor.available_current_l2,16,2025-05-01T13:14:23.495Z
sensor.available_current_l2,15,2025-05-01T13:14:43.113Z
sensor.available_current_l2,14,2025-05-01T13:14:45.576Z
sensor.available_current_l2,15,2025-05-01T13:14:52.891Z
sensor.available_current_l2,14,2025-05-01T13:14:56.479Z
sensor.available_current_l2,13,2025-05-01T13:15:01.487Z
sensor.available_current_l2,14,2025-05-01T13:15:08.849Z
sensor.available_current_l2,13,2025-05-01T13:15:16.988Z
sensor.available_current_l2,14,2025-05-01T13:15:23.126Z
sensor.available_current_l2,15,2025-05-01T13:15:27.119Z
sensor.available_current_l2,16,2025-05-01T13:15:53.994Z
sensor.available_current_l2,15,2025-05-01T13:15:55.453Z
sensor.available_current_l2,16,2025-05-01T13:16:02.559Z
sensor.available_current_l2,15,2025-05-01T13:16:40.314Z
sensor.available_current_l2,14,2025-05-01T13:16:42.441Z
sensor.available_current_l2,13,2025-05-01T13:16:43.840Z
sensor.available_current_l2,12,2025-05-01T13:16:48.834Z
sensor.available_current_l2,11,2025-05-01T13:16:52.841Z
sensor.available_current_l2,12,2025-05-01T13:16:57.852Z
sensor.available_current_l2,11,2025-05-01T13:17:09.072Z
sensor.available_current_l2,12,2025-05-01T13:17:52.890Z
sensor.available_current_l2,13,2025-05-01T13:18:00.119Z
sensor.available_current_l2,14,2025-05-01T13:18:05.143Z
sensor.available_current_l2,13,2025-05-01T13:18:10.116Z
sensor.available_current_l2,14,2025-05-01T13:18:15.352Z
sensor.available_current_l2,13,2025-05-01T13:18:20.164Z
sensor.available_current_l2,12,2025-05-01T13:18:27.433Z
sensor.available_current_l2,11,2025-05-01T13:18:38.535Z
sensor.available_current_l2,12,2025-05-01T13:19:50.516Z
sensor.available_current_l2,13,2025-05-01T13:19:55.509Z
sensor.available_current_l2,14,2025-05-01T13:20:00.454Z
sensor.available_current_l2,13,2025-05-01T13:20:02.917Z
sensor.available_current_l2,12,2025-05-01T13:20:06.839Z
sensor.available_current_l2,13,2025-05-01T13:20:10.495Z
sensor.available_current_l2,14,2025-05-01T13:20:17.348Z
sensor.available_current_l2,15,2025-05-01T13:20:22.983Z
sensor.available_current_l2,16,2025-05-01T13:20:32.926Z
sensor.available_current_l2,15,2025-05-01T13:25:32.800Z
sensor.available_current_l2,16,2025-05-01T13:25:33.829Z
sensor.available_current_l2,15,2025-05-01T13:25:35.221Z
sensor.available_current_l2,14,2025-05-01T13:25:41.891Z
sensor.available_current_l2,15,2025-05-01T13:25:47.867Z
sensor.available_current_l2,16,2025-05-01T13:26:03.912Z
sensor.available_current_l2,15,2025-05-01T13:26:17.587Z
sensor.available_current_l2,16,2025-05-01T13:26:20.939Z
sensor.available_current_l2,15,2025-05-01T13:27:34.565Z
sensor.available_current_l2,14,2025-05-01T13:28:16.053Z
sensor.available_current_l2,15,2025-05-01T13:28:28.438Z
sensor.available_current_l2,16,2025-05-01T13:30:14.903Z
sensor.available_current_l2,15,2025-05-01T13:30:17.514Z
sensor.available_current_l2,16,2025-05-01T13:30:19.763Z
sensor.available_current_l2,15,2025-05-01T13:30:28.407Z
sensor.available_current_l2,14,2025-05-01T13:30:33.406Z
sensor.available_current_l2,13,2025-05-01T13:30:34.632Z
sensor.available_current_l2,14,2025-05-01T13:30:39.822Z
sensor.available_current_l2,15,2025-05-01T13:30:43.509Z
sensor.available_current_l2,14,2025-05-01T13:30:53.447Z
sensor.available_current_l2,13,2025-05-01T13:30:55.929Z
sensor.available_current_l2,14,2025-05-01T13:31:02.432Z
sensor.available_current_l2,11,2025-05-01T13:31:27.162Z
sensor.available_current_l2,12,2025-05-01T13:31:40.843Z
sensor.available_current_l2,13,2025-05-01T13:31:50.112Z
sensor.available_current_l2,14,2025-05-01T13:31:51.491Z
sensor.available_current_l2,15,2025-05-01T13:31:54.984Z
sensor.available_current_l2,14,2025-05-01T13:31:57.473Z
sensor.available_current_l2,13,2025-05-01T13:32:00.148Z
sensor.available_current_l2,14,2025-05-01T13:32:09.215Z
sensor.available_current_l2,13,2025-05-01T13:32:19.876Z
sensor.available_current_l2,12,2025-05-01T13:32:22.563Z
sensor.available_current_l2,11,2025-05-01T13:32:25.057Z
sensor.available_current_l2,12,2025-05-01T13:33:04.838Z
sensor.available_current_l2,13,2025-05-01T13:33:13.131Z
sensor.available_current_l2,12,2025-05-01T13:33:19.992Z
sensor.available_current_l2,11,2025-05-01T13:33:23.657Z
sensor.available_current_l2,12,2025-05-01T13:33:30.997Z
sensor.available_current_l2,11,2025-05-01T13:33:37.134Z
sensor.available_current_l2,12,2025-05-01T13:34:36.920Z
sensor.available_current_l2,11,2025-05-01T13:34:38.094Z
sensor.available_current_l2,12,2025-05-01T13:34:40.709Z
sensor.available_current_l2,13,2025-05-01T13:36:46.870Z
sensor.available_current_l2,14,2025-05-01T13:36:50.893Z
sensor.available_current_l2,15,2025-05-01T13:36:54.829Z
sensor.available_current_l2,14,2025-05-01T13:37:07.822Z
sensor.available_current_l2,13,2025-05-01T13:37:09.915Z
sensor.available_current_l2,12,2025-05-01T13:37:11.087Z
sensor.available_current_l2,11,2025-05-01T13:38:36.834Z
sensor.available_current_l2,12,2025-05-01T13:38:37.846Z
sensor.available_current_l2,13,2025-05-01T13:39:34.420Z
sensor.available_current_l2,12,2025-05-01T13:39:44.416Z
sensor.available_current_l2,13,2025-05-01T13:39:54.670Z
sensor.available_current_l2,14,2025-05-01T13:40:00.936Z
sensor.available_current_l2,15,2025-05-01T13:40:07.456Z
sensor.available_current_l2,16,2025-05-01T13:40:24.584Z
sensor.available_current_l2,15,2025-05-01T13:42:16.847Z
sensor.available_current_l2,16,2025-05-01T13:42:49.622Z
sensor.available_current_l2,15,2025-05-01T13:43:25.317Z
sensor.available_current_l2,16,2025-05-01T13:43:26.592Z
sensor.available_current_l2,15,2025-05-01T13:43:35.841Z
sensor.available_current_l2,16,2025-05-01T13:43:39.396Z
sensor.available_current_l2,15,2025-05-01T13:43:40.567Z
sensor.available_current_l2,16,2025-05-01T13:43:52.040Z
sensor.available_current_l2,15,2025-05-01T13:43:53.418Z
sensor.available_current_l2,16,2025-05-01T13:46:08.076Z
sensor.available_current_l2,15,2025-05-01T13:46:10.942Z
sensor.available_current_l2,16,2025-05-01T13:46:19.717Z
sensor.available_current_l2,15,2025-05-01T13:46:24.791Z
sensor.available_current_l2,16,2025-05-01T13:46:30.164Z
sensor.available_current_l2,15,2025-05-01T13:46:33.956Z
sensor.available_current_l2,16,2025-05-01T13:46:37.431Z
sensor.available_current_l2,15,2025-05-01T13:46:41.103Z
sensor.available_current_l2,16,2025-05-01T13:46:42.431Z
sensor.available_current_l2,15,2025-05-01T13:46:58.572Z
sensor.available_current_l2,16,2025-05-01T13:46:59.900Z
sensor.available_current_l2,15,2025-05-01T13:48:39.672Z
sensor.available_current_l2,14,2025-05-01T13:49:22.870Z
sensor.available_current_l2,13,2025-05-01T13:49:28.202Z
sensor.available_current_l2,12,2025-05-01T13:49:29.870Z
sensor.available_current_l2,13,2025-05-01T13:50:03.124Z
sensor.available_current_l2,12,2025-05-01T13:50:08.398Z
sensor.available_current_l2,11,2025-05-01T13:50:55.889Z
sensor.available_current_l2,12,2025-05-01T13:50:56.892Z
sensor.available_current_l2,13,2025-05-01T13:51:36.871Z
sensor.available_current_l2,14,2025-05-01T13:51:38.077Z
sensor.available_current_l2,15,2025-05-01T13:51:39.398Z
sensor.available_current_l2,16,2025-05-01T13:51:48.170Z
sensor.available_current_l2,15,2025-05-01T13:53:19.659Z
sensor.available_current_l2,14,2025-05-01T13:53:23.287Z
sensor.available_current_l2,15,2025-05-01T13:53:27.103Z
sensor.available_current_l2,14,2025-05-01T13:53:28.595Z
sensor.available_current_l2,13,2025-05-01T13:53:30.949Z
sensor.available_current_l2,12,2025-05-01T13:53:34.951Z
sensor.available_current_l2,13,2025-05-01T13:53:45.443Z
sensor.available_current_l2,12,2025-05-01T13:53:49.437Z
sensor.available_current_l2,13,2025-05-01T13:54:01.081Z
sensor.available_current_l2,14,2025-05-01T13:54:07.106Z
sensor.available_current_l2,15,2025-05-01T13:54:10.948Z
sensor.available_current_l2,16,2025-05-01T13:54:32.094Z
sensor.available_current_l2,15,2025-05-01T13:54:35.884Z
sensor.available_current_l2,16,2025-05-01T13:54:40.894Z
sensor.available_current_l2,15,2025-05-01T13:55:03.531Z
sensor.available_current_l2,16,2025-05-01T13:55:04.668Z
sensor.available_current_l2,15,2025-05-01T13:57:03.169Z
sensor.available_current_l2,16,2025-05-01T13:57:06.754Z
sensor.available_current_l2,15,2025-05-01T13:57:14.439Z
sensor.available_current_l2,16,2025-05-01T13:57:16.881Z
sensor.available_current_l2,15,2025-05-01T13:57:27.118Z
sensor.available_current_l2,16,2025-05-01T13:57:28.437Z
sensor.available_current_l2,15,2025-05-01T13:58:15.447Z
sensor.available_current_l2,16,2025-05-01T13:58:16.449Z
sensor.available_current_l2,15,2025-05-01T13:58:33.441Z
sensor.available_current_l2,16,2025-05-01T13:58:35.892Z
sensor.available_current_l2,15,2025-05-01T13:58:39.913Z
sensor.available_current_l2,16,2025-05-01T13:58:43.560Z
sensor.available_current_l2,15,2025-05-01T13:58:44.831Z
sensor.available_current_l2,16,2025-05-01T13:58:48.416Z
sensor.available_current_l2,15,2025-05-01T13:58:51.899Z
sensor.available_current_l2,16,2025-05-01T13:59:00.389Z
sensor.available_current_l2,15,2025-05-01T13:59:01.527Z
sensor.available_current_l2,16,2025-05-01T13:59:05.931Z
sensor.available_current_l2,15,2025-05-01T13:59:09.657Z
sensor.available_current_l2,16,2025-05-01T13:59:18.902Z
sensor.available_current_l2,15,2025-05-01T13:59:20.903Z
sensor.available_current_l2,16,2025-05-01T13:59:23.563Z
sensor.available_current_l2,15,2025-05-01T13:59:28.136Z
sensor.available_current_l2,16,2025-05-01T13:59:31.932Z
sensor.available_current_l2,15,2025-05-01T13:59:34.850Z
sensor.available_current_l2,16,2025-05-01T13:59:36.053Z
sensor.available_current_l2,15,2025-05-01T13:59:41.850Z
sensor.available_current_l2,16,2025-05-01T13:59:43.078Z
sensor.available_current_l2,15,2025-05-01T13:59:50.389Z
sensor.available_current_l2,16,2025-05-01T14:00:00.968Z
sensor.available_current_l2,15,2025-05-01T14:00:14.895Z
sensor.available_current_l2,16,2025-05-01T14:00:26.075Z
sensor.available_current_l2,15,2025-05-01T14:03:11.881Z
sensor.available_current_l2,16,2025-05-01T14:03:14.123Z
sensor.available_current_l2,15,2025-05-01T14:04:35.215Z
sensor.available_current_l2,16,2025-05-01T14:04:36.420Z
sensor.available_current_l2,15,2025-05-01T14:04:42.577Z
sensor.available_current_l2,16,2025-05-01T14:04:50.501Z
sensor.available_current_l2,15,2025-05-01T14:04:51.856Z
sensor.available_current_l2,16,2025-05-01T14:05:12.896Z
sensor.available_current_l2,15,2025-05-01T14:05:15.515Z
sensor.available_current_l2,14,2025-05-01T14:08:02.877Z
sensor.available_current_l2,13,2025-05-01T14:08:05.298Z
sensor.available_current_l2,12,2025-05-01T14:08:07.621Z
sensor.available_current_l2,11,2025-05-01T14:08:12.939Z
sensor.available_current_l2,12,2025-05-01T14:09:39.194Z
sensor.available_current_l2,13,2025-05-01T14:09:44.161Z
sensor.available_current_l2,14,2025-05-01T14:09:47.873Z
sensor.available_current_l2,15,2025-05-01T14:09:50.048Z
sensor.available_current_l2,14,2025-05-01T14:10:34.862Z
sensor.available_current_l2,15,2025-05-01T14:10:36.055Z
sensor.available_current_l2,14,2025-05-01T14:10:49.746Z
sensor.available_current_l2,13,2025-05-01T14:10:51.059Z
sensor.available_current_l2,12,2025-05-01T14:10:52.648Z
sensor.available_current_l2,11,2025-05-01T14:10:57.744Z
sensor.available_current_l2,12,2025-05-01T14:13:25.116Z
sensor.available_current_l2,13,2025-05-01T14:13:30.117Z
sensor.available_current_l2,14,2025-05-01T14:13:31.474Z
sensor.available_current_l2,15,2025-05-01T14:13:35.111Z
sensor.available_current_l2,14,2025-05-01T14:13:37.442Z
sensor.available_current_l2,13,2025-05-01T14:13:39.873Z
sensor.available_current_l2,12,2025-05-01T14:13:42.479Z
sensor.available_current_l2,11,2025-05-01T14:13:43.872Z
sensor.available_current_l2,12,2025-05-01T14:13:55.173Z
sensor.available_current_l2,13,2025-05-01T14:14:00.113Z
sensor.available_current_l2,14,2025-05-01T14:14:02.875Z
sensor.available_current_l2,15,2025-05-01T14:14:05.178Z
sensor.available_current_l2,14,2025-05-01T14:14:12.442Z
sensor.available_current_l2,13,2025-05-01T14:14:16.398Z
sensor.available_current_l2,14,2025-05-01T14:14:22.593Z
sensor.available_current_l2,15,2025-05-01T14:14:25.123Z
sensor.available_current_l2,14,2025-05-01T14:15:31.529Z
sensor.available_current_l2,15,2025-05-01T14:15:32.820Z
sensor.available_current_l2,14,2025-05-01T14:23:10.868Z
sensor.available_current_l2,15,2025-05-01T14:23:15.851Z
sensor.available_current_l2,14,2025-05-01T14:23:56.843Z
sensor.available_current_l2,15,2025-05-01T14:23:58.137Z
sensor.available_current_l2,14,2025-05-01T14:24:14.633Z
sensor.available_current_l2,13,2025-05-01T14:24:20.953Z
sensor.available_current_l2,14,2025-05-01T14:24:22.163Z
sensor.available_current_l2,13,2025-05-01T14:24:26.447Z
sensor.available_current_l2,14,2025-05-01T14:24:37.012Z
sensor.available_current_l2,15,2025-05-01T14:24:42.104Z
sensor.available_current_l2,14,2025-05-01T14:24:43.464Z
sensor.available_current_l2,13,2025-05-01T14:24:45.983Z
sensor.available_current_l2,12,2025-05-01T14:24:48.434Z
sensor.available_current_l2,13,2025-05-01T14:24:58.443Z
sensor.available_current_l2,14,2025-05-01T14:25:01.183Z
sensor.available_current_l2,15,2025-05-01T14:25:05.874Z
sensor.available_current_l2,14,2025-05-01T14:25:18.921Z
sensor.available_current_l2,13,2025-05-01T14:25:28.828Z
sensor.available_current_l2,12,2025-05-01T14:25:30.068Z
sensor.available_current_l2,13,2025-05-01T14:25:34.083Z
sensor.available_current_l2,14,2025-05-01T14:25:36.839Z
sensor.available_current_l2,15,2025-05-01T14:25:55.390Z
sensor.available_current_l2,14,2025-05-01T14:26:10.927Z
sensor.available_current_l2,15,2025-05-01T14:26:15.147Z
sensor.available_current_l2,14,2025-05-01T14:27:20.922Z
sensor.available_current_l2,13,2025-05-01T14:27:23.659Z
sensor.available_current_l2,12,2025-05-01T14:27:34.873Z
sensor.available_current_l2,13,2025-05-01T14:27:39.895Z
sensor.available_current_l2,14,2025-05-01T14:27:43.459Z
sensor.available_current_l2,15,2025-05-01T14:27:50.892Z
sensor.available_current_l2,14,2025-05-01T14:28:24.895Z
sensor.available_current_l2,13,2025-05-01T14:28:30.233Z
sensor.available_current_l2,14,2025-05-01T14:28:33.869Z
sensor.available_current_l2,13,2025-05-01T14:28:38.857Z
sensor.available_current_l2,14,2025-05-01T14:28:50.055Z
sensor.available_current_l2,15,2025-05-01T14:29:00.898Z
sensor.available_current_l2,14,2025-05-01T14:37:20.471Z
sensor.available_current_l2,15,2025-05-01T14:37:34.418Z
sensor.available_current_l2,14,2025-05-01T14:37:54.839Z
sensor.available_current_l2,15,2025-05-01T14:37:56.854Z
sensor.available_current_l2,14,2025-05-01T14:39:02.425Z
sensor.available_current_l2,15,2025-05-01T14:39:12.151Z
sensor.available_current_l2,14,2025-05-01T14:40:07.102Z
sensor.available_current_l2,15,2025-05-01T14:40:08.424Z
sensor.available_current_l2,14,2025-05-01T14:40:58.969Z
sensor.available_current_l2,15,2025-05-01T14:41:05.885Z
sensor.available_current_l2,14,2025-05-01T14:41:26.475Z
sensor.available_current_l2,25.0,2025-05-01T14:41:29.068Z
sensor.available_current_l3,unavailable,2025-05-01T10:00:00.000Z
sensor.available_current_l3,14,2025-05-01T10:39:55.435Z
sensor.available_current_l3,15,2025-05-01T10:40:00.819Z
sensor.available_current_l3,14,2025-05-01T10:40:05.877Z
sensor.available_current_l3,15,2025-05-01T10:40:07.115Z
sensor.available_current_l3,14,2025-05-01T10:40:17.080Z
sensor.available_current_l3,13,2025-05-01T10:46:51.552Z
sensor.available_current_l3,14,2025-05-01T10:46:52.996Z
sensor.available_current_l3,15,2025-05-01T10:55:04.131Z
sensor.available_current_l3,9,2025-05-01T10:55:05.262Z
sensor.available_current_l3,8,2025-05-01T10:55:06.456Z
sensor.available_current_l3,12,2025-05-01T10:56:50.867Z
sensor.available_current_l3,17,2025-05-01T10:56:52.126Z
sensor.available_current_l3,16,2025-05-01T10:59:09.174Z
sensor.available_current_l3,17,2025-05-01T10:59:11.518Z
sensor.available_current_l3,10,2025-05-01T11:00:13.600Z
sensor.available_current_l3,11,2025-05-01T11:01:26.874Z
sensor.available_current_l3,10,2025-05-01T11:01:27.903Z
sensor.available_current_l3,11,2025-05-01T11:01:45.568Z
sensor.available_current_l3,10,2025-05-01T11:01:48.876Z
sensor.available_current_l3,11,2025-05-01T11:02:25.928Z
sensor.available_current_l3,10,2025-05-01T11:02:26.930Z
sensor.available_current_l3,11,2025-05-01T11:02:41.918Z
sensor.available_current_l3,10,2025-05-01T11:02:46.823Z
sensor.available_current_l3,11,2025-05-01T11:02:52.557Z
sensor.available_current_l3,10,2025-05-01T11:03:01.432Z
sensor.available_current_l3,9,2025-05-01T11:03:03.895Z
sensor.available_current_l3,8,2025-05-01T11:03:05.195Z
sensor.available_current_l3,7,2025-05-01T11:05:57.443Z
sensor.available_current_l3,8,2025-05-01T11:05:59.489Z
sensor.available_current_l3,7,2025-05-01T11:06:01.652Z
sensor.available_current_l3,8,2025-05-01T11:06:04.839Z
sensor.available_current_l3,7,2025-05-01T11:06:10.514Z
sensor.available_current_l3,8,2025-05-01T11:06:11.848Z
sensor.available_current_l3,7,2025-05-01T11:06:14.863Z
sensor.available_current_l3,8,2025-05-01T11:07:39.911Z
sensor.available_current_l3,2,2025-05-01T11:07:41.137Z
sensor.available_current_l3,5,2025-05-01T11:08:16.179Z
sensor.available_current_l3,8,2025-05-01T11:08:17.636Z
sensor.available_current_l3,7,2025-05-01T11:08:19.993Z
sensor.available_current_l3,6,2025-05-01T11:08:22.986Z
sensor.available_current_l3,7,2025-05-01T11:20:24.814Z
sensor.available_current_l3,6,2025-05-01T11:20:30.489Z
sensor.available_current_l3,7,2025-05-01T11:20:31.529Z
sensor.available_current_l3,6,2025-05-01T11:20:36.046Z
sensor.available_current_l3,7,2025-05-01T11:22:23.102Z
sensor.available_current_l3,6,2025-05-01T11:22:31.838Z
sensor.available_current_l3,7,2025-05-01T11:23:08.130Z
sensor.available_current_l3,6,2025-05-01T11:24:05.822Z
sensor.available_current_l3,7,2025-05-01T11:24:06.881Z
sensor.available_current_l3,6,2025-05-01T11:24:11.875Z
sensor.available_current_l3,7,2025-05-01T11:24:13.100Z
sensor.available_current_l3,6,2025-05-01T11:25:06.905Z
sensor.available_current_l3,7,2025-05-01T11:25:33.045Z
sensor.available_current_l3,6,2025-05-01T11:25:58.131Z
sensor.available_current_l3,7,2025-05-01T11:25:59.813Z
sensor.available_current_l3,6,2025-05-01T11:27:20.436Z
sensor.available_current_l3,7,2025-05-01T11:27:29.878Z
sensor.available_current_l3,6,2025-05-01T11:28:42.876Z
sensor.available_current_l3,7,2025-05-01T11:29:06.895Z
sensor.available_current_l3,6,2025-05-01T11:29:57.885Z
sensor.available_current_l3,7,2025-05-01T11:30:45.414Z
sensor.available_current_l3,6,2025-05-01T11:30:46.823Z
sensor.available_current_l3,7,2025-05-01T11:32:14.090Z
sensor.available_current_l3,6,2025-05-01T11:32:18.131Z
sensor.available_current_l3,7,2025-05-01T11:32:20.915Z
sensor.available_current_l3,6,2025-05-01T11:32:21.919Z
sensor.available_current_l3,7,2025-05-01T11:32:24.412Z
sensor.available_current_l3,6,2025-05-01T11:33:35.835Z
sensor.available_current_l3,7,2025-05-01T11:33:37.847Z
sensor.available_current_l3,6,2025-05-01T11:33:54.590Z
sensor.available_current_l3,7,2025-05-01T11:33:55.838Z
sensor.available_current_l3,6,2025-05-01T11:38:57.865Z
sensor.available_current_l3,7,2025-05-01T11:38:59.077Z
sensor.available_current_l3,6,2025-05-01T11:39:19.832Z
sensor.available_current_l3,7,2025-05-01T11:39:20.833Z
sensor.available_current_l3,6,2025-05-01T11:39:21.836Z
sensor.available_current_l3,7,2025-05-01T11:39:22.836Z
sensor.available_current_l3,6,2025-05-01T11:40:07.892Z
sensor.available_current_l3,7,2025-05-01T11:40:08.893Z
sensor.available_current_l3,6,2025-05-01T11:40:11.598Z
sensor.available_current_l3,7,2025-05-01T11:40:12.615Z
sensor.available_current_l3,6,2025-05-01T11:40:13.763Z
sensor.available_current_l3,7,2025-05-01T11:40:16.829Z
sensor.available_current_l3,6,2025-05-01T11:40:19.841Z
sensor.available_current_l3,7,2025-05-01T11:40:20.842Z
sensor.available_current_l3,6,2025-05-01T11:40:35.920Z
sensor.available_current_l3,7,2025-05-01T11:40:43.930Z
sensor.available_current_l3,6,2025-05-01T11:40:47.418Z
sensor.available_current_l3,7,2025-05-01T11:40:48.822Z
sensor.available_current_l3,6,2025-05-01T11:40:50.031Z
sensor.available_current_l3,7,2025-05-01T11:40:51.411Z
sensor.available_current_l3,6,2025-05-01T11:40:52.816Z
sensor.available_current_l3,7,2025-05-01T11:40:57.974Z
sensor.available_current_l3,6,2025-05-01T11:41:00.524Z
sensor.available_current_l3,7,2025-05-01T11:41:01.885Z
sensor.available_current_l3,6,2025-05-01T11:41:02.891Z
sensor.available_current_l3,7,2025-05-01T11:41:06.111Z
sensor.available_current_l3,6,2025-05-01T11:41:12.794Z
sensor.available_current_l3,7,2025-05-01T11:41:25.094Z
sensor.available_current_l3,6,2025-05-01T11:41:29.928Z
sensor.available_current_l3,7,2025-05-01T11:41:30.930Z
sensor.available_current_l3,6,2025-05-01T11:41:31.931Z
sensor.available_current_l3,7,2025-05-01T11:41:32.934Z
sensor.available_current_l3,6,2025-05-01T11:41:33.935Z
sensor.available_current_l3,7,2025-05-01T11:41:47.458Z
sensor.available_current_l3,6,2025-05-01T11:41:49.799Z
sensor.available_current_l3,7,2025-05-01T11:41:51.903Z
sensor.available_current_l3,6,2025-05-01T11:41:52.904Z
sensor.available_current_l3,7,2025-05-01T11:41:53.908Z
sensor.available_current_l3,6,2025-05-01T11:41:56.369Z
sensor.available_current_l3,7,2025-05-01T11:41:57.802Z
sensor.available_current_l3,6,2025-05-01T11:42:00.024Z
sensor.available_current_l3,7,2025-05-01T11:42:03.484Z
sensor.available_current_l3,6,2025-05-01T11:42:04.485Z
sensor.available_current_l3,7,2025-05-01T11:42:13.805Z
sensor.available_current_l3,6,2025-05-01T11:42:15.022Z
sensor.available_current_l3,7,2025-05-01T11:42:19.832Z
sensor.available_current_l3,6,2025-05-01T11:42:21.840Z
sensor.available_current_l3,7,2025-05-01T11:42:23.887Z
sensor.available_current_l3,6,2025-05-01T11:42:26.393Z
sensor.available_current_l3,7,2025-05-01T11:42:27.824Z
sensor.available_current_l3,6,2025-05-01T11:42:30.084Z
sensor.available_current_l3,7,2025-05-01T11:42:52.910Z
sensor.available_current_l3,6,2025-05-01T11:42:53.914Z
sensor.available_current_l3,7,2025-05-01T11:43:11.850Z
sensor.available_current_l3,6,2025-05-01T11:43:12.890Z
sensor.available_current_l3,7,2025-05-01T11:43:20.055Z
sensor.available_current_l3,6,2025-05-01T11:43:22.547Z
sensor.available_current_l3,7,2025-05-01T11:45:10.065Z
sensor.available_current_l3,6,2025-05-01T11:45:12.765Z
sensor.available_current_l3,7,2025-05-01T11:45:21.955Z
sensor.available_current_l3,6,2025-05-01T11:45:23.957Z
sensor.available_current_l3,7,2025-05-01T11:45:26.406Z
sensor.available_current_l3,6,2025-05-01T11:45:27.414Z
sensor.available_current_l3,7,2025-05-01T11:45:34.815Z
sensor.available_current_l3,6,2025-05-01T11:45:35.815Z
sensor.available_current_l3,7,2025-05-01T11:46:00.871Z
sensor.available_current_l3,6,2025-05-01T11:46:01.871Z
sensor.available_current_l3,7,2025-05-01T11:46:03.936Z
sensor.available_current_l3,6,2025-05-01T11:46:04.937Z
sensor.available_current_l3,7,2025-05-01T11:46:06.067Z
sensor.available_current_l3,6,2025-05-01T11:46:07.427Z
sensor.available_current_l3,7,2025-05-01T11:48:57.880Z
sensor.available_current_l3,6,2025-05-01T11:48:58.880Z
sensor.available_current_l3,7,2025-05-01T11:49:13.876Z
sensor.available_current_l3,6,2025-05-01T11:49:14.876Z
sensor.available_current_l3,10,2025-05-01T12:00:04.518Z
sensor.available_current_l3,13,2025-05-01T12:00:05.659Z
sensor.available_current_l3,12,2025-05-01T12:00:12.070Z
sensor.available_current_l3,13,2025-05-01T12:00:14.531Z
sensor.available_current_l3,12,2025-05-01T12:06:21.533Z
sensor.available_current_l3,13,2025-05-01T12:06:24.100Z
sensor.available_current_l3,19,2025-05-01T12:07:45.937Z
sensor.available_current_l3,22,2025-05-01T12:07:46.937Z
sensor.available_current_l3,21,2025-05-01T12:12:31.384Z
sensor.available_current_l3,22,2025-05-01T12:12:32.407Z
sensor.available_current_l3,21,2025-05-01T12:18:38.133Z
sensor.available_current_l3,22,2025-05-01T12:18:41.998Z
sensor.available_current_l3,20,2025-05-01T12:20:20.785Z
sensor.available_current_l3,19,2025-05-01T12:20:23.413Z
sensor.available_current_l3,18,2025-05-01T12:20:24.427Z
sensor.available_current_l3,17,2025-05-01T12:20:25.864Z
sensor.available_current_l3,unavailable,2025-05-01T12:21:32.939Z
sensor.available_current_l3,17,2025-05-01T12:21:34.838Z
sensor.available_current_l3,16,2025-05-01T12:24:47.920Z
sensor.available_current_l3,17,2025-05-01T12:24:50.930Z
sensor.available_current_l3,16,2025-05-01T12:30:57.131Z
sensor.available_current_l3,17,2025-05-01T12:30:59.444Z
sensor.available_current_l3,16,2025-05-01T12:34:40.037Z
sensor.available_current_l3,17,2025-05-01T12:34:41.425Z
sensor.available_current_l3,16,2025-05-01T12:37:05.892Z
sensor.available_current_l3,17,2025-05-01T12:37:08.135Z
sensor.available_current_l3,16,2025-05-01T12:38:02.641Z
sensor.available_current_l3,17,2025-05-01T12:38:03.988Z
sensor.available_current_l3,16,2025-05-01T12:38:04.992Z
sensor.available_current_l3,17,2025-05-01T12:38:10.093Z
sensor.available_current_l3,16,2025-05-01T12:38:12.677Z
sensor.available_current_l3,17,2025-05-01T12:38:28.507Z
sensor.available_current_l3,16,2025-05-01T12:43:15.156Z
sensor.available_current_l3,17,2025-05-01T12:43:16.857Z
sensor.available_current_l3,16,2025-05-01T12:44:41.217Z
sensor.available_current_l3,17,2025-05-01T12:44:53.422Z
sensor.available_current_l3,16,2025-05-01T12:44:56.854Z
sensor.available_current_l3,17,2025-05-01T12:45:05.979Z
sensor.available_current_l3,16,2025-05-01T12:45:58.099Z
sensor.available_current_l3,17,2025-05-01T12:46:01.646Z
sensor.available_current_l3,16,2025-05-01T12:46:04.623Z
sensor.available_current_l3,17,2025-05-01T12:46:11.592Z
sensor.available_current_l3,16,2025-05-01T12:46:36.928Z
sensor.available_current_l3,17,2025-05-01T12:46:55.443Z
sensor.available_current_l3,16,2025-05-01T12:46:58.814Z
sensor.available_current_l3,17,2025-05-01T12:47:13.653Z
sensor.available_current_l3,16,2025-05-01T12:47:14.947Z
sensor.available_current_l3,15,2025-05-01T12:47:25.843Z
sensor.available_current_l3,16,2025-05-01T12:47:30.927Z
sensor.available_current_l3,17,2025-05-01T12:48:01.956Z
sensor.available_current_l3,16,2025-05-01T12:48:48.504Z
sensor.available_current_l3,15,2025-05-01T12:48:52.162Z
sensor.available_current_l3,14,2025-05-01T12:49:08.113Z
sensor.available_current_l3,13,2025-05-01T12:49:16.856Z
sensor.available_current_l3,12,2025-05-01T12:49:24.708Z
sensor.available_current_l3,13,2025-05-01T12:49:26.022Z
sensor.available_current_l3,12,2025-05-01T12:49:28.839Z
sensor.available_current_l3,13,2025-05-01T12:49:38.898Z
sensor.available_current_l3,14,2025-05-01T12:49:44.903Z
sensor.available_current_l3,15,2025-05-01T12:49:50.863Z
sensor.available_current_l3,16,2025-05-01T12:49:53.568Z
sensor.available_current_l3,15,2025-05-01T12:50:03.653Z
sensor.available_current_l3,16,2025-05-01T12:50:17.769Z
sensor.available_current_l3,17,2025-05-01T12:50:25.495Z
sensor.available_current_l3,16,2025-05-01T12:55:33.053Z
sensor.available_current_l3,17,2025-05-01T12:55:34.588Z
sensor.available_current_l3,16,2025-05-01T12:57:07.037Z
sensor.available_current_l3,17,2025-05-01T12:57:11.377Z
sensor.available_current_l3,16,2025-05-01T12:57:32.395Z
sensor.available_current_l3,17,2025-05-01T12:57:34.845Z
sensor.available_current_l3,16,2025-05-01T12:57:39.847Z
sensor.available_current_l3,17,2025-05-01T12:57:40.935Z
sensor.available_current_l3,16,2025-05-01T13:01:42.100Z
sensor.available_current_l3,17,2025-05-01T13:01:44.889Z
sensor.available_current_l3,16,2025-05-01T13:05:02.050Z
sensor.available_current_l3,17,2025-05-01T13:05:36.535Z
sensor.available_current_l3,16,2025-05-01T13:05:42.122Z
sensor.available_current_l3,17,2025-05-01T13:06:28.928Z
sensor.available_current_l3,16,2025-05-01T13:06:31.003Z
sensor.available_current_l3,17,2025-05-01T13:06:32.000Z
sensor.available_current_l3,16,2025-05-01T13:06:42.061Z
sensor.available_current_l3,17,2025-05-01T13:07:17.002Z
sensor.available_current_l3,16,2025-05-01T13:07:19.006Z
sensor.available_current_l3,17,2025-05-01T13:07:21.036Z
sensor.available_current_l3,16,2025-05-01T13:07:22.094Z
sensor.available_current_l3,17,2025-05-01T13:07:23.436Z
sensor.available_current_l3,16,2025-05-01T13:07:24.442Z
sensor.available_current_l3,17,2025-05-01T13:07:28.756Z
sensor.available_current_l3,16,2025-05-01T13:07:29.905Z
sensor.available_current_l3,17,2025-05-01T13:07:32.913Z
sensor.available_current_l3,16,2025-05-01T13:07:37.991Z
sensor.available_current_l3,17,2025-05-01T13:07:39.994Z
sensor.available_current_l3,16,2025-05-01T13:07:50.501Z
sensor.available_current_l3,17,2025-05-01T13:07:53.605Z
sensor.available_current_l3,16,2025-05-01T13:11:22.884Z
sensor.available_current_l3,17,2025-05-01T13:11:44.017Z
sensor.available_current_l3,16,2025-05-01T13:11:46.023Z
sensor.available_current_l3,17,2025-05-01T13:11:49.755Z
sensor.available_current_l3,16,2025-05-01T13:11:50.760Z
sensor.available_current_l3,17,2025-05-01T13:11:51.760Z
sensor.available_current_l3,16,2025-05-01T13:11:52.758Z
sensor.available_current_l3,17,2025-05-01T13:12:02.691Z
sensor.available_current_l3,16,2025-05-01T13:12:03.697Z
sensor.available_current_l3,17,2025-05-01T13:12:13.576Z
sensor.available_current_l3,16,2025-05-01T13:14:00.150Z
sensor.available_current_l3,17,2025-05-01T13:14:02.818Z
sensor.available_current_l3,16,2025-05-01T13:14:18.546Z
sensor.available_current_l3,15,2025-05-01T13:14:44.417Z
sensor.available_current_l3,14,2025-05-01T13:14:46.973Z
sensor.available_current_l3,15,2025-05-01T13:14:48.131Z
sensor.available_current_l3,16,2025-05-01T13:14:52.891Z
sensor.available_current_l3,15,2025-05-01T13:14:55.382Z
sensor.available_current_l3,14,2025-05-01T13:15:00.458Z
sensor.available_current_l3,15,2025-05-01T13:15:08.850Z
sensor.available_current_l3,14,2025-05-01T13:15:12.818Z
sensor.available_current_l3,13,2025-05-01T13:15:18.532Z
sensor.available_current_l3,14,2025-05-01T13:15:19.799Z
sensor.available_current_l3,15,2025-05-01T13:15:23.126Z
sensor.available_current_l3,16,2025-05-01T13:15:28.431Z
sensor.available_current_l3,17,2025-05-01T13:16:10.977Z
sensor.available_current_l3,16,2025-05-01T13:16:15.540Z
sensor.available_current_l3,17,2025-05-01T13:16:17.143Z
sensor.available_current_l3,16,2025-05-01T13:16:18.398Z
sensor.available_current_l3,17,2025-05-01T13:16:19.575Z
sensor.available_current_l3,16,2025-05-01T13:16:23.119Z
sensor.available_current_l3,17,2025-05-01T13:16:28.426Z
sensor.available_current_l3,16,2025-05-01T13:16:29.592Z
sensor.available_current_l3,17,2025-05-01T13:16:30.593Z
sensor.available_current_l3,16,2025-05-01T13:16:31.819Z
sensor.available_current_l3,17,2025-05-01T13:16:35.341Z
sensor.available_current_l3,16,2025-05-01T13:16:40.315Z
sensor.available_current_l3,15,2025-05-01T13:16:41.440Z
sensor.available_current_l3,14,2025-05-01T13:16:43.841Z
sensor.available_current_l3,13,2025-05-01T13:16:47.832Z
sensor.available_current_l3,12,2025-05-01T13:16:51.441Z
sensor.available_current_l3,13,2025-05-01T13:17:00.480Z
sensor.available_current_l3,12,2025-05-01T13:17:07.838Z
sensor.available_current_l3,13,2025-05-01T13:17:55.249Z
sensor.available_current_l3,14,2025-05-01T13:18:01.484Z
sensor.available_current_l3,15,2025-05-01T13:18:07.593Z
sensor.available_current_l3,14,2025-05-01T13:18:08.947Z
sensor.available_current_l3,13,2025-05-01T13:18:26.187Z
sensor.available_current_l3,12,2025-05-01T13:18:35.986Z
sensor.available_current_l3,13,2025-05-01T13:19:51.859Z
sensor.available_current_l3,14,2025-05-01T13:19:56.847Z
sensor.available_current_l3,15,2025-05-01T13:20:01.863Z
sensor.available_current_l3,14,2025-05-01T13:20:02.918Z
sensor.available_current_l3,13,2025-05-01T13:20:06.840Z
sensor.available_current_l3,14,2025-05-01T13:20:10.496Z
sensor.available_current_l3,15,2025-05-01T13:20:17.349Z
sensor.available_current_l3,16,2025-05-01T13:20:23.985Z
sensor.available_current_l3,17,2025-05-01T13:20:35.957Z
sensor.available_current_l3,16,2025-05-01T13:20:50.510Z
sensor.available_current_l3,17,2025-05-01T13:20:51.690Z
sensor.available_current_l3,16,2025-05-01T13:24:41.876Z
sensor.available_current_l3,17,2025-05-01T13:24:44.180Z
sensor.available_current_l3,16,2025-05-01T13:25:09.130Z
sensor.available_current_l3,15,2025-05-01T13:25:40.568Z
sensor.available_current_l3,16,2025-05-01T13:25:48.869Z
sensor.available_current_l3,15,2025-05-01T13:28:09.567Z
sensor.available_current_l3,14,2025-05-01T13:28:22.384Z
sensor.available_current_l3,15,2025-05-01T13:28:24.534Z
sensor.available_current_l3,16,2025-05-01T13:28:28.438Z
sensor.available_current_l3,15,2025-05-01T13:30:32.280Z
sensor.available_current_l3,14,2025-05-01T13:30:33.406Z
sensor.available_current_l3,15,2025-05-01T13:30:40.838Z
sensor.available_current_l3,16,2025-05-01T13:30:43.509Z
sensor.available_current_l3,15,2025-05-01T13:30:52.161Z
sensor.available_current_l3,14,2025-05-01T13:30:54.816Z
sensor.available_current_l3,15,2025-05-01T13:31:03.571Z
sensor.available_current_l3,12,2025-05-01T13:31:27.163Z
sensor.available_current_l3,13,2025-05-01T13:31:47.131Z
sensor.available_current_l3,14,2025-05-01T13:31:50.112Z
sensor.available_current_l3,15,2025-05-01T13:31:52.613Z
sensor.available_current_l3,16,2025-05-01T13:31:54.984Z
sensor.available_current_l3,15,2025-05-01T13:31:56.419Z
sensor.available_current_l3,14,2025-05-01T13:31:58.858Z
sensor.available_current_l3,13,2025-05-01T13:32:01.556Z
sensor.available_current_l3,14,2025-05-01T13:32:07.922Z
sensor.available_current_l3,15,2025-05-01T13:32:12.949Z
sensor.available_current_l3,14,2025-05-01T13:32:16.159Z
sensor.available_current_l3,13,2025-05-01T13:32:21.194Z
sensor.available_current_l3,12,2025-05-01T13:32:23.759Z
sensor.available_current_l3,13,2025-05-01T13:33:09.855Z
sensor.available_current_l3,14,2025-05-01T13:33:14.446Z
sensor.available_current_l3,13,2025-05-01T13:33:18.619Z
sensor.available_current_l3,12,2025-05-01T13:33:21.001Z
sensor.available_current_l3,13,2025-05-01T13:35:57.443Z
sensor.available_current_l3,12,2025-05-01T13:36:18.122Z
sensor.available_current_l3,13,2025-05-01T13:36:19.844Z
sensor.available_current_l3,14,2025-05-01T13:36:49.530Z
sensor.available_current_l3,15,2025-05-01T13:36:50.894Z
sensor.available_current_l3,16,2025-05-01T13:36:59.681Z
sensor.available_current_l3,15,2025-05-01T13:37:06.439Z
sensor.available_current_l3,14,2025-05-01T13:37:08.914Z
sensor.available_current_l3,13,2025-05-01T13:37:11.087Z
sensor.available_current_l3,12,2025-05-01T13:37:24.821Z
sensor.available_current_l3,13,2025-05-01T13:39:30.529Z
sensor.available_current_l3,14,2025-05-01T13:39:58.149Z
sensor.available_current_l3,15,2025-05-01T13:40:02.939Z
sensor.available_current_l3,16,2025-05-01T13:40:15.679Z
sensor.available_current_l3,17,2025-05-01T13:40:38.919Z
sensor.available_current_l3,16,2025-05-01T13:40:39.919Z
sensor.available_current_l3,17,2025-05-01T13:40:41.922Z
sensor.available_current_l3,16,2025-05-01T13:40:56.075Z
sensor.available_current_l3,15,2025-05-01T13:42:23.970Z
sensor.available_current_l3,16,2025-05-01T13:42:29.512Z
sensor.available_current_l3,15,2025-05-01T13:44:44.986Z
sensor.available_current_l3,16,2025-05-01T13:44:46.220Z
sensor.available_current_l3,15,2025-05-01T13:49:21.472Z
sensor.available_current_l3,14,2025-05-01T13:49:26.588Z
sensor.available_current_l3,13,2025-05-01T13:49:29.870Z
sensor.available_current_l3,12,2025-05-01T13:49:31.195Z
sensor.available_current_l3,13,2025-05-01T13:50:00.958Z
sensor.available_current_l3,14,2025-05-01T13:50:04.513Z
sensor.available_current_l3,13,2025-05-01T13:50:05.797Z
sensor.available_current_l3,12,2025-05-01T13:50:09.436Z
sensor.available_current_l3,13,2025-05-01T13:51:14.404Z
sensor.available_current_l3,12,2025-05-01T13:51:19.518Z
sensor.available_current_l3,13,2025-05-01T13:51:34.854Z
sensor.available_current_l3,15,2025-05-01T13:51:38.077Z
sensor.available_current_l3,16,2025-05-01T13:51:40.563Z
sensor.available_current_l3,15,2025-05-01T13:53:21.856Z
sensor.available_current_l3,14,2025-05-01T13:53:29.946Z
sensor.available_current_l3,13,2025-05-01T13:53:32.184Z
sensor.available_current_l3,12,2025-05-01T13:53:35.956Z
sensor.available_current_l3,13,2025-05-01T13:53:41.864Z
sensor.available_current_l3,12,2025-05-01T13:53:51.896Z
sensor.available_current_l3,13,2025-05-01T13:53:53.299Z
sensor.available_current_l3,14,2025-05-01T13:54:02.594Z
sensor.available_current_l3,15,2025-05-01T13:54:08.621Z
sensor.available_current_l3,16,2025-05-01T13:54:12.154Z
sensor.available_current_l3,15,2025-05-01T13:57:03.170Z
sensor.available_current_l3,16,2025-05-01T13:57:05.115Z
sensor.available_current_l3,15,2025-05-01T14:08:00.603Z
sensor.available_current_l3,14,2025-05-01T14:08:03.881Z
sensor.available_current_l3,13,2025-05-01T14:08:05.298Z
sensor.available_current_l3,12,2025-05-01T14:08:08.914Z
sensor.available_current_l3,11,2025-05-01T14:09:20.812Z
sensor.available_current_l3,12,2025-05-01T14:09:21.893Z
sensor.available_current_l3,13,2025-05-01T14:09:44.162Z
sensor.available_current_l3,14,2025-05-01T14:09:45.476Z
sensor.available_current_l3,15,2025-05-01T14:09:48.874Z
sensor.available_current_l3,16,2025-05-01T14:10:03.874Z
sensor.available_current_l3,15,2025-05-01T14:10:05.163Z
sensor.available_current_l3,16,2025-05-01T14:10:06.445Z
sensor.available_current_l3,15,2025-05-01T14:10:31.099Z
sensor.available_current_l3,16,2025-05-01T14:10:43.883Z
sensor.available_current_l3,15,2025-05-01T14:10:47.405Z
sensor.available_current_l3,14,2025-05-01T14:10:51.060Z
sensor.available_current_l3,12,2025-05-01T14:10:52.648Z
sensor.available_current_l3,11,2025-05-01T14:12:17.454Z
sensor.available_current_l3,12,2025-05-01T14:12:43.935Z
sensor.available_current_l3,11,2025-05-01T14:12:44.938Z
sensor.available_current_l3,12,2025-05-01T14:12:46.938Z
sensor.available_current_l3,11,2025-05-01T14:12:52.875Z
sensor.available_current_l3,12,2025-05-01T14:12:55.440Z
sensor.available_current_l3,13,2025-05-01T14:13:28.984Z
sensor.available_current_l3,14,2025-05-01T14:13:30.117Z
sensor.available_current_l3,15,2025-05-01T14:13:32.839Z
sensor.available_current_l3,14,2025-05-01T14:13:38.856Z
sensor.available_current_l3,13,2025-05-01T14:13:41.310Z
sensor.available_current_l3,12,2025-05-01T14:13:42.479Z
sensor.available_current_l3,13,2025-05-01T14:13:58.943Z
sensor.available_current_l3,14,2025-05-01T14:14:00.113Z
sensor.available_current_l3,15,2025-05-01T14:14:03.914Z
sensor.available_current_l3,14,2025-05-01T14:14:15.116Z
sensor.available_current_l3,15,2025-05-01T14:14:23.948Z
sensor.available_current_l3,16,2025-05-01T14:14:41.161Z
sensor.available_current_l3,15,2025-05-01T14:15:01.847Z
sensor.available_current_l3,16,2025-05-01T14:15:58.882Z
sensor.available_current_l3,15,2025-05-01T14:18:36.035Z
sensor.available_current_l3,16,2025-05-01T14:18:37.687Z
sensor.available_current_l3,15,2025-05-01T14:18:47.425Z
sensor.available_current_l3,16,2025-05-01T14:18:49.839Z
sensor.available_current_l3,15,2025-05-01T14:18:59.967Z
sensor.available_current_l3,16,2025-05-01T14:19:02.106Z
sensor.available_current_l3,15,2025-05-01T14:19:11.938Z
sensor.available_current_l3,16,2025-05-01T14:19:13.945Z
sensor.available_current_l3,15,2025-05-01T14:19:46.407Z
sensor.available_current_l3,16,2025-05-01T14:19:53.950Z
sensor.available_current_l3,15,2025-05-01T14:19:54.951Z
sensor.available_current_l3,16,2025-05-01T14:19:57.477Z
sensor.available_current_l3,15,2025-05-01T14:19:58.883Z
sensor.available_current_l3,16,2025-05-01T14:20:02.577Z
sensor.available_current_l3,15,2025-05-01T14:20:03.578Z
sensor.available_current_l3,16,2025-05-01T14:20:04.912Z
sensor.available_current_l3,15,2025-05-01T14:20:05.913Z
sensor.available_current_l3,16,2025-05-01T14:20:14.527Z
sensor.available_current_l3,15,2025-05-01T14:20:17.079Z
sensor.available_current_l3,14,2025-05-01T14:21:38.955Z
sensor.available_current_l3,15,2025-05-01T14:21:39.957Z
sensor.available_current_l3,16,2025-05-01T14:24:00.546Z
sensor.available_current_l3,15,2025-05-01T14:24:03.613Z
sensor.available_current_l3,16,2025-05-01T14:24:10.545Z
sensor.available_current_l3,15,2025-05-01T14:24:13.027Z
sensor.available_current_l3,14,2025-05-01T14:24:15.956Z
sensor.available_current_l3,13,2025-05-01T14:24:28.835Z
sensor.available_current_l3,14,2025-05-01T14:24:34.932Z
sensor.available_current_l3,15,2025-05-01T14:24:38.407Z
sensor.available_current_l3,14,2025-05-01T14:24:44.843Z
sensor.available_current_l3,13,2025-05-01T14:24:47.088Z
sensor.available_current_l3,12,2025-05-01T14:24:51.120Z
sensor.available_current_l3,13,2025-05-01T14:24:56.113Z
sensor.available_current_l3,14,2025-05-01T14:25:01.184Z
sensor.available_current_l3,15,2025-05-01T14:25:03.870Z
sensor.available_current_l3,16,2025-05-01T14:25:08.426Z
sensor.available_current_l3,15,2025-05-01T14:25:14.010Z
sensor.available_current_l3,14,2025-05-01T14:25:20.932Z
sensor.available_current_l3,13,2025-05-01T14:25:30.068Z
sensor.available_current_l3,14,2025-05-01T14:25:35.445Z
sensor.available_current_l3,15,2025-05-01T14:25:37.856Z
sensor.available_current_l3,14,2025-05-01T14:25:42.866Z
sensor.available_current_l3,15,2025-05-01T14:25:48.865Z
sensor.available_current_l3,14,2025-05-01T14:25:50.001Z
sensor.available_current_l3,15,2025-05-01T14:25:52.744Z
sensor.available_current_l3,14,2025-05-01T14:27:22.105Z
sensor.available_current_l3,13,2025-05-01T14:27:28.599Z
sensor.available_current_l3,14,2025-05-01T14:27:42.166Z
sensor.available_current_l3,15,2025-05-01T14:27:47.255Z
sensor.available_current_l3,14,2025-05-01T14:27:49.886Z
sensor.available_current_l3,15,2025-05-01T14:27:50.892Z
sensor.available_current_l3,14,2025-05-01T14:28:26.058Z
sensor.available_current_l3,13,2025-05-01T14:28:41.004Z
sensor.available_current_l3,14,2025-05-01T14:28:47.523Z
sensor.available_current_l3,15,2025-05-01T14:28:59.819Z
sensor.available_current_l3,16,2025-05-01T14:29:38.426Z
sensor.available_current_l3,15,2025-05-01T14:30:04.651Z
sensor.available_current_l3,16,2025-05-01T14:30:06.014Z
sensor.available_current_l3,15,2025-05-01T14:30:10.858Z
sensor.available_current_l3,16,2025-05-01T14:30:12.052Z
sensor.available_current_l3,15,2025-05-01T14:30:17.895Z
sensor.available_current_l3,16,2025-05-01T14:30:18.896Z
sensor.available_current_l3,15,2025-05-01T14:30:22.172Z
sensor.available_current_l3,16,2025-05-01T14:30:30.808Z
sensor.available_current_l3,15,2025-05-01T14:30:32.063Z
sensor.available_current_l3,16,2025-05-01T14:30:42.814Z
sensor.available_current_l3,15,2025-05-01T14:30:43.872Z
sensor.available_current_l3,16,2025-05-01T14:30:45.908Z
sensor.available_current_l3,15,2025-05-01T14:30:47.138Z
sensor.available_current_l3,16,2025-05-01T14:30:52.172Z
sensor.available_current_l3,15,2025-05-01T14:30:53.820Z
sensor.available_current_l3,16,2025-05-01T14:30:54.896Z
sensor.available_current_l3,15,2025-05-01T14:30:59.857Z
sensor.available_current_l3,16,2025-05-01T14:31:01.234Z
sensor.available_current_l3,15,2025-05-01T14:31:37.063Z
sensor.available_current_l3,16,2025-05-01T14:31:45.877Z
sensor.available_current_l3,15,2025-05-01T14:31:48.585Z
sensor.available_current_l3,16,2025-05-01T14:31:49.587Z
sensor.available_current_l3,15,2025-05-01T14:32:12.104Z
sensor.available_current_l3,16,2025-05-01T14:35:11.025Z
sensor.available_current_l3,15,2025-05-01T14:35:14.501Z
sensor.available_current_l3,16,2025-05-01T14:35:31.152Z
sensor.available_current_l3,15,2025-05-01T14:35:33.580Z
sensor.available_current_l3,16,2025-05-01T14:35:36.475Z
sensor.available_current_l3,15,2025-05-01T14:35:39.422Z
sensor.available_current_l3,14,2025-05-01T14:37:21.799Z
sensor.available_current_l3,15,2025-05-01T14:37:29.398Z
sensor.available_current_l3,14,2025-05-01T14:40:07.102Z
sensor.available_current_l3,15,2025-05-01T14:40:08.425Z
sensor.available_current_l3,25.0,2025-05-01T14:41:29.068Z
sensor.easee_thuis_circuit_current,0.00999999977648258,2025-05-01T10:00:00.000Z
sensor.easee_thuis_circuit_current,1.17599999904633,2025-05-01T10:00:16.880Z
sensor.easee_thuis_circuit_current,1.21000003814697,2025-05-01T10:00:16.880Z
sensor.easee_thuis_circuit_current,5.33799982070923,2025-05-01T10:00:21.791Z
sensor.easee_thuis_circuit_current,8.29500007629395,2025-05-01T10:00:30.115Z
sensor.easee_thuis_circuit_current,9.6269998550415,2025-05-01T10:00:34.917Z
sensor.easee_thuis_circuit_current,12.5349998474121,2025-05-01T10:00:38.687Z
sensor.easee_thuis_circuit_current,12.996000289917,2025-05-01T10:00:46.895Z
sensor.easee_thuis_circuit_current,13.7519998550415,2025-05-01T10:00:47.809Z
sensor.easee_thuis_circuit_current,15.1330003738403,2025-05-01T10:00:50.886Z
sensor.easee_thuis_circuit_current,15.3660001754761,2025-05-01T10:00:51.848Z
sensor.easee_thuis_circuit_current,15.3680000305176,2025-05-01T10:00:52.969Z
sensor.easee_thuis_circuit_current,15.1400003433228,2025-05-01T10:15:52.811Z
sensor.easee_thuis_circuit_current,15.1450004577637,2025-05-01T10:30:52.871Z
sensor.easee_thuis_circuit_current,15.1470003128052,2025-05-01T10:30:52.993Z
sensor.easee_thuis_circuit_current,15.16100025177,2025-05-01T10:45:53.927Z
sensor.easee_thuis_circuit_current,15.2040004730225,2025-05-01T10:45:53.928Z
sensor.easee_thuis_circuit_current,15.246000289917,2025-05-01T11:00:52.908Z
sensor.easee_thuis_circuit_current,15.2609996795654,2025-05-01T11:00:54.023Z
sensor.easee_thuis_circuit_current,15.246000289917,2025-05-01T11:08:17.140Z
sensor.easee_thuis_circuit_current,13.4160003662109,2025-05-01T11:08:17.141Z
sensor.easee_thuis_circuit_current,13.3680000305176,2025-05-01T11:08:22.058Z
sensor.easee_thuis_circuit_current,9.96100044250488,2025-05-01T11:08:22.059Z
sensor.easee_thuis_circuit_current,10.0179996490479,2025-05-01T11:23:20.883Z
sensor.easee_thuis_circuit_current,10.0500001907349,2025-05-01T11:38:21.418Z
sensor.easee_thuis_circuit_current,10.0609998703003,2025-05-01T11:38:21.418Z
sensor.easee_thuis_circuit_current,10.1070003509521,2025-05-01T11:53:21.545Z
sensor.easee_thuis_circuit_current,10.1079998016357,2025-05-01T11:53:21.546Z
sensor.easee_thuis_circuit_current,10.2049999237061,2025-05-01T12:08:31.810Z
sensor.easee_thuis_circuit_current,11.4079999923706,2025-05-01T12:20:22.004Z
sensor.easee_thuis_circuit_current,11.6079998016357,2025-05-01T12:20:22.005Z
sensor.easee_thuis_circuit_current,14.8839998245239,2025-05-01T12:20:25.884Z
sensor.easee_thuis_circuit_current,15.1330003738403,2025-05-01T12:20:25.885Z
sensor.easee_thuis_circuit_current,15.1049995422363,2025-05-01T12:35:27.459Z
sensor.easee_thuis_circuit_current,15.2469997406006,2025-05-01T12:50:26.431Z
sensor.easee_thuis_circuit_current,15.2180004119873,2025-05-01T13:05:27.786Z
sensor.easee_thuis_circuit_current,15.1590003967285,2025-05-01T13:05:27.787Z
sensor.easee_thuis_circuit_current,15.0950002670288,2025-05-01T13:23:59.103Z
sensor.easee_thuis_circuit_current,15.1070003509521,2025-05-01T13:35:28.493Z
sensor.easee_thuis_circuit_current,15.2209997177124,2025-05-01T13:35:28.494Z
sensor.easee_thuis_circuit_current,15.1730003356934,2025-05-01T13:59:36.957Z
sensor.easee_thuis_circuit_current,15.2080001831055,2025-05-01T14:07:44.189Z
sensor.easee_thuis_circuit_current,15.1929998397827,2025-05-01T14:20:28.666Z
sensor.easee_thuis_circuit_current,15.1429996490479,2025-05-01T14:35:28.861Z
sensor.easee_thuis_circuit_current,15.0819997787476,2025-05-01T14:49:06.135Z
sensor.easee_thuis_circuit_current,0.462000012397766,2025-05-01T14:49:06.135Z
sensor.easee_thuis_circuit_current,0.0109999999403954,2025-05-01T15:01:01.224Z
sensor.easee_thuis_circuit_current,0.0120000001043081,2025-05-01T15:28:17.816Z
sensor.easee_thuis_circuit_current,0.0109999999403954,2025-05-01T15:45:11.840Z
